id,name,gender,predict
1,闳家,1,1
16,寇涛,1,1
45,砚华,1,1
59,佶蕾,0,0
62,其昱,1,1
71,佳弋,0,0
95,陈屹,1,1
97,卜荣,1,1
101,誉中,1,1
113,玫睿,0,0
117,孟霏,0,0
244,蕾萌,0,0
269,乐环,1,0
279,守明,1,1
280,欢欣,0,0
286,文茜,0,0
400,淋懿,0,0
415,金烁,1,1
425,胡玥,1,0
444,及颢,1,1
476,栎雯,0,0
485,满廷,1,1
488,双杰,1,1
492,淋瑞,1,1
578,志星,1,1
616,伯昭,0,1
621,境祺,1,1
622,仙伊,0,0
625,岩嵩,1,1
637,宸琦,0,0
655,恵硕,1,1
659,骐米,0,1
662,玖安,1,1
687,洪胜,1,1
708,皕朝,1,1
711,家琰,0,1
813,明晰,0,1
866,祈萱,1,0
904,依朵,0,0
923,晋苓,0,0
930,佳媚,0,0
936,露葵,0,0
945,纨娴,0,0
950,凯诚,1,1
977,昝希,0,0
1049,励月,1,1
1050,金歌,0,1
1053,雨些,0,0
1056,慕熏,1,0
1135,妲鲜,0,0
1139,馨涪,0,0
1152,玺而,0,1
1169,赫轩,1,1
1200,珈慧,0,0
1215,欣烿,1,0
1219,惜尧,1,1
1225,平鑫,1,1
1227,诺雅,0,0
1257,世清,1,1
1303,宏笑,1,1
1313,泽蒙,1,1
1332,锦卓,0,1
1359,籁梁,1,1
1372,林龙,1,1
1375,馥绯,0,0
1385,惜涵,1,0
1387,志森,1,1
1410,锋巩,1,1
1413,若茜,0,0
1417,欣琎,0,0
1460,浚燃,1,1
1475,崽思,0,1
1480,铭懿,1,1
1499,枝,0,0
1513,琬幼,0,0
1515,诺析,1,1
1548,燕菡,0,0
1602,克侵,1,1
1630,始澄,1,1
1635,增敏,0,1
1655,祚蓦,1,1
1670,孜艳,0,0
1675,家文,0,1
1707,仪香,0,0
1716,偲立,1,1
1717,澌雅,0,0
1746,碰碰,1,0
1763,孟馨,0,0
1795,震侠,1,1
1840,幸苡,0,0
1882,淑改,0,0
1887,俊惠,0,0
1906,沣意,0,1
1994,义伦,1,1
2001,昕烁,1,0
2002,挺禳,1,1
2003,睿腾,1,1
2004,龚震,1,1
2006,秀雪,0,0
2035,馨丽,0,0
2065,城业,1,1
2075,泽希,0,1
2119,焰玲,0,0
2138,家韦,1,1
2152,亭檄,0,0
2170,尊梅,0,0
2187,诚诚,0,1
2195,福莘,1,1
2228,贞玉,1,0
2231,照国,1,1
2232,权叔,1,1
2243,珺颖,1,0
2256,盛姜,1,1
2278,居华,0,1
2281,曼萍,0,0
2283,郅睿,1,1
2288,沅洁,0,0
2306,勋轩,1,1
2307,能涌,1,1
2326,梓高,0,1
2367,承泫,1,1
2382,恬汐,0,0
2388,童月,1,0
2393,秀曼,0,0
2415,立维,1,1
2458,才源,1,1
2461,赐钦,1,1
2479,烈藻,1,1
2496,兴莲,0,0
2499,窈曼,0,0
2515,萍丽,0,0
2547,逸立,1,1
2554,铂航,1,1
2578,莞尔,0,0
2602,雯恩,0,0
2606,依淳,0,0
2632,晋佑,1,1
2636,依恬,1,0
2638,宏镶,1,1
2719,振营,1,1
2735,繁云,0,1
2773,靖哲,0,1
2798,颖琛,0,0
2799,丁昙,0,0
2801,立彤,0,0
2811,郡泽,1,1
2842,佻昙,0,0
2856,钰飞,0,1
2870,州婷,0,0
2880,思煜,0,0
2928,彦劼,1,1
2937,保艺,1,1
2943,泊昶,1,1
2990,钥乙,1,1
3020,永晋,1,1
3024,卖凤,1,1
3052,丁赫,1,1
3075,升键,1,1
3084,蓝莎,0,0
3098,菊芬,0,0
3125,建邦,1,1
3126,茱棱,1,0
3197,萦恩,0,0
3222,韵思,0,0
3225,秋伶,0,0
3236,易水,1,1
3242,茜儿,0,0
3252,怡轩,0,0
3284,铭君,0,1
3309,藜馥,0,0
3320,佳烨,0,1
3323,采颖,0,0
3367,祥溢,1,1
3375,永贤,1,1
3382,梦芝,0,0
3390,珈卉,0,0
3402,籽璇,0,0
3442,仁贵,1,1
3452,家阔,1,1
3453,怡菊,0,0
3471,诗醴,0,0
3487,梓欣,0,0
3491,惠园,1,0
3501,然迪,1,1
3504,芳淘,1,0
3572,韵华,0,0
3574,泳铟,0,0
3600,花琪,0,0
3638,文贵,1,1
3677,坍锋,1,1
3688,鹤元,0,1
3717,镱珊,0,0
3720,益鳗,0,0
3725,圣鑫,0,1
3735,嘉健,1,1
3787,之茹,0,0
3794,闳兄,1,1
3824,振宇,0,1
3866,恺皓,1,1
3881,查接,1,1
3906,驭莺,0,0
3918,奕茗,0,0
3933,浩宕,1,1
3950,本囝,1,1
3965,贷轩,1,1
3970,锌彤,0,0
4001,攸攸,0,1
4011,文泽,0,1
4022,屏萁,0,0
4030,玉寒,1,0
4036,瑭阳,1,1
4059,绪童,1,1
4076,子樯,0,0
4084,鑫河,1,1
4091,彩桓,1,1
4124,颢闻,1,1
4135,耀通,1,1
4169,岷达,0,1
4217,妍萍,0,0
4231,少怡,0,0
4329,西雅,0,0
4357,嗣昆,1,1
4377,恺,0,1
4382,新洋,1,1
4405,泽定,1,1
4432,佚,1,1
4436,金润,1,1
4438,漪茗,1,0
4463,国涧,1,1
4498,佳秋,0,0
4505,梓雍,1,1
4516,钥桐,1,0
4566,峻川,1,1
4590,雪逸,0,0
4626,李玮,1,1
4634,昭银,1,1
4637,跃诒,1,1
4641,松睿,1,1
4679,祥春,1,1
4703,毓滨,1,1
4707,乔以,1,1
4724,振恩,1,1
4741,莹珊,0,0
4752,成俊,0,1
4816,岩祠,1,1
4846,正宏,0,1
4859,昌轩,1,1
4894,咨睿,1,0
4933,体己,1,1
4975,濒硕,1,1
4994,生琴,1,0
5023,琴瑛,0,0
5030,甜杏,0,0
5070,钰斐,0,0
5074,宝兆,1,1
5089,兴业,0,1
5093,玥姬,0,0
5118,镶诚,0,1
5124,峰行,1,1
5127,家泓,1,1
5130,亦欣,0,0
5157,似华,1,1
5176,贝兰,0,0
5179,娈炅,1,1
5188,祺翔,1,1
5199,厚德,1,1
5220,芸婷,0,0
5233,周尧,0,1
5240,泳金,1,1
5270,洋森,1,1
5284,良威,1,1
5321,夏一,1,0
5351,其函,1,1
5382,宛芳,0,0
5411,起,1,1
5420,沐星,0,0
5453,睿晟,1,1
5494,照欣,0,0
5508,奥祥,1,1
5529,婧曼,0,0
5571,繁山,1,1
5573,宝奎,1,1
5576,煜乔,1,1
5584,燕龙,1,1
5644,蕴诗,0,0
5658,髓昕,0,0
5694,悠航,1,1
5709,新力,0,1
5711,万婷,0,0
5713,庆,0,1
5723,蝶,0,0
5733,振琪,1,1
5734,丽飞,0,0
5754,爱泫,1,0
5768,凝阳,1,0
5773,禾霆,1,1
5797,灶梦,0,0
5808,发凯,1,1
5826,品孝,1,1
5846,煜钜,1,1
5862,晟今,1,1
5903,其渔,1,1
5906,思鸿,1,1
5926,荣枝,0,1
5956,祥茹,0,0
5971,缨旖,0,0
5995,萱迅,1,0
5997,华精,1,1
5999,如琦,0,0
6008,利娜,0,0
6028,若熹,0,0
6053,绎文,1,1
6069,芊诺,0,0
6092,淳慧,0,0
6100,熈荧,0,0
6104,彬倪,1,1
6106,洪瑞,1,1
6109,飞菲,0,0
6144,宇声,1,1
6146,娇洋,1,0
6182,妙青,0,0
6184,娅菱,0,0
6209,弈嫣,0,0
6222,滋,1,1
6231,晓洛,1,0
6281,瀚基,1,1
6320,渝伦,1,1
6361,濡郜,1,1
6376,钱满,0,1
6390,竺珊,0,0
6396,一杉,1,1
6413,信博,1,1
6432,战天,1,1
6458,懿州,1,1
6463,平新,1,1
6518,祖瑄,1,1
6539,何斤,0,1
6571,许华,1,1
6598,云弓,0,0
6603,睿知,1,1
6661,桢熠,0,1
6670,妃掎,0,0
6681,欣禳,0,0
6728,侍襄,1,1
6737,丹萁,0,0
6744,明新,0,1
6746,谨莹,0,0
6843,廷帆,1,1
6872,沐炎,1,1
6875,淋,0,1
6909,粲邈,1,1
6962,淋峰,1,1
6986,少冰,0,1
6991,开林,1,1
7027,大为,0,1
7041,一葸,0,1
7082,铭锵,1,1
7105,卓南,1,1
7123,蕈萱,0,0
7126,渊,0,1
7141,珩骏,1,1
7249,姝彦,0,0
7269,芯谣,0,0
7283,甲,0,1
7327,泽雅,0,0
7369,军鑫,1,1
7375,奕潇,1,1
7377,斯帆,1,1
7427,议劭,1,1
7430,吉萌,1,1
7439,洪久,1,1
7506,岑坤,1,0
7538,卜籁,1,1
7541,美贤,1,0
7542,蓓一,0,0
7545,薛茜,0,0
7554,真慈,0,1
7560,刁丽,0,0
7577,邑程,1,1
7585,继漪,1,1
7594,培强,1,1
7601,蕾娳,0,0
7699,孜涵,1,0
7742,知眧,0,1
7762,负葶,0,0
7772,吉辉,1,1
7794,镐,1,1
7840,宇合,1,1
7857,嘉榆,0,1
7888,非凡,0,1
7931,彭绢,0,0
7944,惠晴,0,0
7961,瀚仪,1,1
7966,蕊睿,0,0
8000,类涵,1,0
8002,玺影,0,0
8003,媛蔷,0,0
8006,小飞,1,1
8020,沫函,1,1
8105,浠柔,0,0
8115,若妮,0,0
8172,浓荣,1,1
8207,天铖,1,1
8209,郁仁,1,1
8219,雨霁,0,0
8237,一苇,1,1
8254,晶文,1,1
8267,月新,0,0
8301,克地,1,1
8309,世福,1,1
8320,凤美,0,0
8336,丸昕,0,0
8344,玛骏,1,1
8358,雪樱,0,0
8391,宇骐,1,1
8396,玮亿,1,1
8422,排嫣,0,0
8424,钰歆,1,0
8471,哥莹,0,0
8484,仙蔓,0,0
8492,浚烨,1,1
8502,薇一,0,0
8513,瑜玟,0,0
8518,达源,1,1
8547,巧红,0,0
8553,家璐,0,0
8570,习林,1,1
8574,泓岳,1,1
8581,羽昀,1,0
8590,泓均,1,1
8603,卫宁,1,1
8627,盛太,1,1
8637,泽霍,1,1
8644,怡阌,0,0
8646,茗华,0,0
8668,艾平,1,1
8686,卉殊,0,0
8688,盈锦,1,0
8736,圣登,1,1
8740,正燊,1,1
8745,骏濠,1,1
8747,剑英,1,1
8752,悦嘉,0,0
8779,逸楠,0,0
8783,霓绘,0,0
8784,珮超,1,1
8788,义彬,1,1
8793,灵淇,0,0
8811,俪闺,0,0
8815,文棣,1,1
8826,优游,0,1
8858,培麟,1,1
8963,霄平,1,1
8988,雀,1,1
9015,浤炜,1,1
9022,得永,1,1
9072,酌汝,1,1
9085,银娣,0,0
9119,泽益,1,1
9175,济坤,1,1
9179,锦泓,0,1
9202,梓忻,1,0
9215,怡陈,0,0
9220,晓蒙,0,0
9224,嘉祺,1,1
9239,天芯,0,0
9256,羽然,0,0
9266,浩源,1,1
9302,恩佑,0,1
9321,翔昱,1,1
9345,桂兆,1,1
9354,鼎闳,1,1
9392,君容,1,1
9402,熳珊,0,0
9409,铸诤,1,1
9423,伟炀,1,1
9434,燐祺,1,1
9435,雪嫩,1,0
9494,德尚,1,1
9561,秋玮,1,1
9562,钟翰,1,1
9597,启添,1,1
9599,照山,1,1
9655,语淳,1,0
9656,娜宁,0,0
9675,启栩,1,1
9699,以彬,1,1
9708,树娟,0,0
9721,菸鹃,0,0
9726,晨与,1,1
9765,彤琳,0,0
9771,肖平,0,1
9776,宸易,1,1
9814,紫洋,0,0
9816,炯菲,0,0
9821,宇铎,1,1
9836,姝姒,0,0
9839,威辰,1,1
9841,三归,0,1
9844,薇祺,1,0
9896,昕瑞,0,0
9928,黄漪,1,1
9938,之骞,1,1
9950,秦宏,1,1
9988,树霖,1,1
10015,卢杰,1,1
10036,雯琴,0,0
10069,群浩,1,1
10115,滢菀,0,0
10117,良泽,1,1
10170,斯华,1,1
10183,柏芝,0,1
10217,髓茗,0,0
10272,璎莠,0,0
10315,柯霖,0,1
10325,础福,1,1
10326,泉东,1,1
10388,式娅,0,0
10399,邠馨,0,0
10402,伏盛,1,1
10423,继堂,1,1
10433,颍州,0,0
10434,彦歆,0,0
10472,恋取,1,0
10500,之磊,1,1
10504,炯铭,1,1
10539,栩绰,1,1
10553,韵诚,1,1
10564,若晳,1,0
10567,一子,0,0
10590,恩瑜,0,0
10593,祥玥,0,1
10615,睿深,1,1
10627,巧萌,0,0
10629,丹嘏,0,0
10631,杰林,1,1
10641,元清,1,1
10645,云巴,1,0
10647,岿莠,0,0
10658,子怀,1,1
10681,筇轩,1,1
10693,思彤,0,0
10699,昭雅,1,0
10709,新雨,0,0
10721,阑朵,0,0
10727,燚苗,0,0
10737,佳浚,1,1
10743,希焦,0,0
10744,同爱,0,1
10745,思浩,1,1
10752,瑛洳,0,0
10809,倪盈,0,0
10888,戆伶,0,0
10897,镶芹,0,0
10911,瞳瞳,0,0
10914,茂瑄,1,1
10948,慕莲,0,0
10960,鸾怡,0,1
10961,婷分,0,0
10977,放晴,1,0
10981,丁镭,0,0
10991,尚竹,1,0
10998,嘉睢,1,0
11002,姿沣,0,0
11020,轶登,1,1
11023,璟鑫,1,1
11027,琪雄,1,1
11044,素美,0,0
11080,梦幽,1,0
11089,露哓,1,0
11093,鑫晟,1,1
11119,一藐,1,0
11133,羽彤,0,0
11149,洛盈,0,0
11153,岑昕,0,0
11180,欣绫,0,0
11200,晓冲,1,1
11241,维森,1,1
11266,梓刚,1,1
11318,贺严,0,1
11332,骝萱,0,0
11343,繁柳,1,1
11347,博否,1,1
11380,釪瑄,1,1
11425,燕莉,0,0
11448,铿因,1,1
11477,昕娣,0,0
11509,海暄,1,1
11514,忠华,1,1
11524,阐愍,1,1
11534,恒泽,1,1
11546,铭锹,1,1
11561,录乙,1,1
11572,薄妃,0,0
11587,磊箕,1,1
11617,俊天,1,1
11641,翼禾,1,1
11677,剑霜,1,1
11741,继谆,1,1
11754,绅钰,1,1
11792,家国,1,1
11796,松潮,1,1
11798,瑞德,1,1
11807,卉黥,0,0
11811,钦楠,1,1
11815,翼帆,1,1
11828,诗凯,1,1
11834,圣易,1,1
11836,韶枫,0,1
11865,国中,1,1
11874,诚磊,1,1
11893,月荷,0,0
11896,晨墨,1,1
11942,浩鞍,1,1
11943,可芸,0,0
11955,凰岛,1,0
11976,懿佳,0,0
11983,一謇,1,0
11987,若岩,1,1
12027,云巾,0,0
12028,宗博,1,1
12030,齐宪,1,1
12034,瞩琪,0,0
12049,煜莘,0,0
12057,玉培,1,1
12074,向荣,0,1
12097,贝娜,0,0
12165,栩慧,1,0
12168,梦篱,0,0
12186,何敏,0,1
12199,采岚,1,0
12246,麦榕,0,0
12247,卢萱,0,0
12256,颖然,0,0
12298,璧诚,1,1
12315,箫杰,1,1
12329,意瀚,1,1
12334,月华,0,0
12341,家帝,1,1
12376,诗菲,0,0
12394,培宸,1,1
12397,淳少,1,1
12424,弈含,0,1
12504,灿蕾,0,0
12542,源颢,1,1
12546,双名,1,1
12548,新杨,1,1
12560,由甲,1,1
12582,浠瑶,0,0
12606,晓欣,0,0
12653,玉沙,1,0
12673,梓鹏,1,1
12716,旒雳,1,1
12725,舒鑫,0,0
12731,玻矍,0,0
12753,益哲,1,1
12806,前庆,1,1
12839,篮犹,0,0
12866,耀峰,1,1
12895,颍蒿,0,0
12929,家燕,0,0
12952,梅娟,0,0
13001,学才,0,1
13034,谷岳,1,1
13053,洁霞,0,0
13114,敬菊,0,0
13117,惘鐾,0,1
13164,滩乙,1,1
13171,昭展,1,1
13180,榕涛,1,1
13210,志尧,1,1
13222,彦燊,1,1
13245,贻然,0,0
13264,怀闵,0,1
13272,穆妍,0,0
13300,钣拌,1,0
13313,子词,0,1
13315,艾馀,0,0
13319,芙然,1,0
13326,月帘,0,0
13333,乐人,1,0
13338,潇霄,1,1
13343,馨,0,0
13389,荣檀,1,1
13419,新赏,1,1
13437,推琬,0,0
13440,千茜,0,0
13444,姝凼,0,0
13460,贞莹,0,0
13482,黎莹,0,0
13529,承,1,1
13608,润衫,1,1
13614,懿瀚,0,1
13667,嵛杰,1,1
13683,佛滔,1,1
13697,颍蓉,0,0
13699,雪慧,0,0
13711,晨完,1,1
13722,楚涛,1,1
13723,骐睿,1,1
13724,楠涵,0,0
13730,奕超,1,1
13746,勒玉,0,1
13774,强祖,1,1
13775,宇池,1,1
13778,嘉广,1,1
13798,一芬,0,0
13800,丽强,1,1
13831,一炀,0,1
13861,濠城,1,1
13873,颂棂,0,1
13881,郁婺,0,0
13906,九珊,0,0
13910,澳雪,0,0
13918,柬栋,1,1
13961,莠赟,1,0
13973,盈姿,0,0
13979,昌平,1,1
13989,满发,0,1
13992,工子,1,1
13994,翠欣,1,0
14022,弋靓,0,0
14029,伯棋,1,1
14057,一力,1,1
14058,子沆,1,0
14078,安鲁,1,1
14199,佳瀛,0,0
14203,布宣,1,0
14216,亦珊,0,0
14217,达福,1,1
14219,情灵,1,0
14236,啊秋,1,1
14256,熙尧,0,1
14273,弘旭,1,1
14279,忆丹,0,0
14284,轩骁,1,1
14359,京瑶,0,0
14360,垲垣,1,1
14414,煜途,1,1
14456,映普,1,1
14467,格,1,1
14472,秋琳,0,0
14473,睿夕,0,0
14503,煜馨,0,0
14558,也莎,0,0
14563,维卿,1,1
14579,文化,1,1
14607,品阅,1,1
14620,滢晗,0,0
14622,雨陈,0,0
14639,宁汝,0,0
14649,竞怿,1,1
14667,梦璇,0,0
14670,忆凌,0,0
14690,贝涵,0,0
14691,傲藤,1,0
14710,希岩,0,1
14713,绍来,1,1
14726,富淏,1,1
14744,文潇,0,1
14748,凌燚,0,0
14786,小并,1,0
14828,其凤,0,1
14834,家佳,0,1
14843,星磊,1,1
14849,顺坡,1,1
14886,洛珈,0,1
14907,学恒,1,1
14915,周泺,1,1
14971,英喆,1,1
14973,德物,1,1
14983,振宏,1,1
14989,栋斌,1,1
15006,全霆,1,1
15016,海容,0,1
15022,心玥,0,0
15026,青筠,0,0
15031,峰烨,1,1
15037,含毅,1,1
15084,翊焱,1,1
15085,苈香,0,0
15090,婷滋,0,0
15124,宇棠,1,1
15163,俊诒,0,1
15166,芝桦,0,0
15182,平佩,0,0
15188,宗邦,1,1
15207,晓锐,0,1
15223,芮芬,0,0
15253,致诺,0,1
15274,师末,1,1
15279,惯庚,1,1
15280,霄灵,1,0
15283,少轩,1,1
15288,炳大,1,1
15305,念隆,1,1
15316,如霜,0,0
15319,乾柱,1,1
15362,小佛,1,0
15371,水兴,1,1
15376,桂霞,0,0
15385,煜剀,1,1
15388,暄暄,0,1
15414,滢菁,0,0
15419,荣苹,0,0
15425,万坡,1,1
15435,则约,1,1
15472,鹏正,1,1
15533,宪旯,1,1
15561,植树,1,1
15582,钊瀚,1,1
15601,兰依,0,0
15617,皓珝,1,1
15633,骁颖,1,0
15640,鹤元,1,1
15656,二一,0,0
15665,泽名,1,1
15678,晴俐,0,0
15680,继宽,1,1
15720,侠硖,1,1
15737,绘伊,0,0
15746,君瑶,0,0
15782,志园,1,1
15808,永席,1,1
15810,怡涣,1,0
15845,成强,1,1
15853,荻茗,0,0
15857,雅曼,0,0
15859,华焰,1,1
15885,娜璀,0,0
15897,润雨,0,1
15949,思焱,1,0
15958,天劲,1,1
15974,奉凝,0,0
16008,眧萱,0,0
16030,奕方,1,1
16064,劲松,1,1
16066,钰铮,1,0
16085,诗淇,0,0
16090,晓蕴,0,0
16095,言开,1,1
16097,懿束,0,0
16115,尧煊,1,1
16118,涵敏,0,0
16206,潼悦,0,0
16219,筱瑛,0,0
16247,菲蕊,0,0
16302,懋金,1,1
16328,柯源,0,1
16335,嘉悠,1,0
16369,露允,0,0
16390,洁贤,0,0
16394,佳赫,1,1
16431,迈圳,1,1
16457,彰嘉,1,1
16498,紫音,0,0
16537,晗笑,0,0
16553,倾,1,0
16594,栓焰,1,1
16625,天毓,1,1
16626,娩茱,0,0
16628,睿语,0,0
16642,卉芹,0,0
16670,笕衡,1,1
16684,可曦,0,0
16689,春冉,0,0
16744,信昊,1,1
16818,家帆,1,1
16844,彦棚,1,1
16864,静恩,0,0
16872,林然,0,0
16895,齐,1,1
16904,晟涵,1,1
16915,连峻,1,1
16918,因翔,1,1
16981,忆晗,0,0
17004,俊晓,1,1
17009,云霆,1,1
17062,伸,1,1
17086,桑桑,1,1
17155,稼赫,1,1
17176,邵阳,1,1
17177,烨娜,0,0
17182,艳玮,0,0
17186,琪清,0,0
17197,丹钰,0,0
17212,宝诺,0,0
17257,琪贞,1,0
17263,宫琴,0,0
17299,彩英,0,0
17300,芸熠,0,0
17304,质彬,1,1
17306,瑛婧,0,0
17309,徐虫,1,1
17332,尼蕊,0,0
17400,照楠,1,0
17419,露清,0,0
17460,艾诺,0,0
17480,谩宁,0,0
17553,刘绮,0,0
17604,洁淳,0,0
17616,丽阳,0,0
17619,仙平,0,0
17620,棋吉,1,1
17646,武龙,1,1
17649,宗香,1,1
17653,仕鹏,1,1
17671,伦宇,1,1
17694,冰芸,0,0
17699,幼惜,0,0
17706,岚玺,1,0
17759,才为,1,1
17785,一村,1,1
17799,子橼,1,1
17804,焕民,1,1
17816,槿秒,1,0
17877,婉瑶,0,0
17878,苒路,1,0
17879,体柏,1,1
17903,金灿,1,1
17917,培园,0,1
17921,美菁,1,0
17929,淼鄃,0,0
17960,樱珏,0,0
17978,宸瑄,1,1
18003,小俊,0,1
18008,柘阳,1,1
18023,扬华,0,1
18083,琳宛,0,0
18098,鹊聘,0,0
18123,樾观,1,1
18132,函睿,0,0
18135,辰予,1,1
18179,乙泽,1,1
18188,俊曼,0,0
18198,石生,1,1
18236,雯帆,0,0
18243,高珏,0,0
18251,芸卌,0,0
18307,汶颖,0,0
18311,辉宇,1,1
18357,枚萦,0,0
18366,袭芬,0,0
18369,发亮,1,1
18388,鹤梅,0,0
18425,周翊,1,1
18494,莹花,0,0
18500,茗中,0,1
18508,文彤,0,0
18531,俊子,0,1
18541,殿鹏,1,1
18553,珏枢,1,0
18567,乐辰,0,0
18593,思妍,0,0
18595,瑰馨,0,0
18607,之恒,1,1
18628,檀吉,0,1
18642,欣潞,1,0
18667,志,0,1
18669,家杨,0,1
18694,昕竺,0,0
18707,炘炀,0,1
18764,喜研,1,1
18783,俊魁,1,1
18786,赵杙,1,0
18799,佐辅,1,1
18815,凤荣,1,0
18824,靖智,1,1
18830,怡杰,0,0
18832,舜谦,1,1
18833,慕凝,0,0
18844,静沂,1,0
18846,缨妍,0,0
18856,月达,1,1
18861,伊茜,0,0
18874,少瑞,1,1
18876,浩玮,1,1
18879,柔蔓,0,0
18896,卓宝,1,1
18904,朝为,1,1
18905,方峰,1,1
18913,岑缨,0,0
18921,芯卉,0,0
18929,诺鑫,0,0
18966,曾挥,1,1
18977,稠蕊,0,0
18986,艺茁,1,1
18991,诗露,1,0
18993,顺然,1,1
18996,子绚,0,0
19011,哲昂,1,1
19019,雨衡,1,1
19171,杭锋,1,1
19196,梦歆,0,0
19220,晓民,1,1
19270,博童,1,1
19291,盛滩,0,1
19318,蕊霜,0,0
19328,虹哲,1,1
19336,千畅,1,1
19358,泽佳,0,1
19394,博仕,1,1
19428,琬鉴,0,0
19475,若荨,1,0
19482,茜睿,0,0
19494,贝如,0,0
19508,淯淳,0,1
19510,语墨,1,0
19514,媚玉,0,0
19523,鼎峰,1,1
19540,立香,1,0
19541,凯茂,1,1
19552,光天,1,1
19584,光昊,1,1
19639,优怡,1,0
19647,闳洁,1,1
19656,诚凯,1,1
19702,启雨,1,1
19749,彦涛,1,1
19771,全宏,1,1
19775,茗赡,0,0
19824,琦睿,0,0
19847,媛元,0,0
19862,枝宏,1,1
19920,乐歆,0,0
19949,流浪,1,1
19956,荟如,0,0
19964,路琪,1,0
19994,希蓉,0,0
20038,华泠,1,1
20111,应霓,0,0
20112,范彬,1,1
20185,择焱,1,1
20240,浩旭,1,1
20252,眉佳,0,0
20302,宜博,1,1
20305,来隽,1,1
20311,贯楠,0,0
20325,济成,1,1
20336,海钰,0,0
20397,延军,1,1
20429,遵福,1,1
20443,允惜,0,1
20456,婉蕃,0,0
20535,骊霞,0,0
20633,久弘,1,1
20636,嘉菡,0,0
20659,巾涵,1,0
20713,灵悦,0,0
20718,寿平,1,1
20726,组憬,1,1
20750,予芊,0,0
20786,云楚,0,0
20823,趼,1,1
20824,妍姝,0,0
20828,搭街,1,1
20888,洪舟,1,1
20891,语硕,0,1
20904,贞璎,0,0
20906,小扣,1,0
20943,忆恩,1,0
20948,赐遥,1,1
20956,朵以,1,0
20966,岚钰,0,0
20993,荣光,0,1
21017,绎茵,0,0
21042,杏萍,0,0
21046,镤瑾,0,0
21049,元桐,1,1
21057,芷忻,0,0
21070,广斌,1,1
21091,韬博,1,1
21144,笨家,1,1
21150,彦含,1,0
21157,道泉,1,1
21183,傲漩,0,1
21247,讫旎,0,0
21267,御瑾,0,0
21273,莹灵,0,0
21306,苏邺,1,0
21330,金沙,0,0
21351,攸彤,1,0
21371,荐琰,1,0
21380,梦爤,1,0
21385,富屯,1,1
21387,凌霏,0,0
21392,莹润,0,0
21394,伶竹,0,0
21403,建颖,0,0
21405,厅芳,0,0
21420,嘉昆,1,1
21458,裕妤,0,0
21488,灵玺,1,0
21528,文疏,1,0
21531,夏林,0,1
21534,以一,1,1
21543,师懿,0,0
21553,庆曦,1,1
21558,艺人,0,0
21579,茂恒,1,1
21589,斯珏,1,0
21607,曾院,1,1
21645,翼辉,1,1
21656,延柠,1,1
21670,平原,0,1
21672,铭宣,1,1
21716,春雅,0,0
21759,殿法,1,1
21766,宏翔,1,1
21786,均颖,0,0
21787,祥宁,1,1
21809,健通,1,1
21820,琦炎,1,1
21861,鸿昌,1,1
21863,翔荣,1,1
21868,岳馨,0,0
21886,募也,1,0
21893,鹏兰,0,0
21900,杨柏,1,1
21901,居徒,1,1
21904,星贝,0,0
21941,大圆,1,1
21961,尹人,0,0
21962,耿宝,0,1
21963,云赣,1,1
21967,弘阜,1,1
21972,贺一,0,1
21989,绢巧,0,0
21992,炜颖,0,0
22009,歆乐,0,0
22018,誉森,1,1
22032,凉呈,1,1
22055,酿前,1,1
22080,铎哲,1,1
22084,何延,1,1
22087,雅榕,1,0
22088,涵井,0,0
22107,开畅,1,1
22109,煊藻,0,0
22137,欣烨,1,0
22152,月皓,0,1
22170,伯奇,1,1
22191,创鹏,1,1
22194,曈欣,1,0
22200,仙苑,0,0
22204,鐾霓,0,0
22205,江桦,1,1
22210,庆彭,1,1
22221,响玲,0,0
22259,彦雪,0,0
22289,昔,0,0
22313,钦艺,1,1
22360,平平,1,1
22399,焓宇,1,1
22420,凤怃,0,0
22455,卯妮,0,0
22518,冕股,1,1
22525,有先,1,1
22530,永恒,1,1
22565,漪萦,0,0
22596,微帏,1,0
22600,宗航,1,1
22645,博昕,1,1
22652,韵函,0,0
22671,湛淼,1,1
22777,苏曼,0,0
22832,诗愉,0,0
22842,玥靓,0,0
22878,孟杰,1,1
22937,帅韬,1,1
22939,慕言,1,1
22940,浡然,1,1
22959,树胜,1,1
22987,草,0,0
22992,姝画,0,0
23011,家朔,1,1
23013,珽璇,0,0
23051,裴岩,1,1
23068,柏娇,0,0
23146,连颖,0,0
23148,梓衿,0,1
23163,袁娴,0,0
23172,璎祢,0,0
23185,育敏,1,1
23189,娅芳,0,0
23251,禹绅,1,1
23263,恩竣,1,1
23310,海鸿,1,1
23317,防涵,1,1
23338,奕之,0,1
23346,珏冬,0,0
23393,炜灯,1,1
23395,愉甜,0,0
23405,丽蕻,0,0
23419,家浜,1,1
23428,转,0,1
23448,绍彦,1,1
23458,景桂,1,1
23489,睿懿,0,0
23491,顷田,1,1
23527,瑞晞,0,0
23546,莉绫,0,0
23548,开洲,1,1
23566,颖薰,0,0
23572,筱岳,1,1
23601,舜文,0,0
23611,泽星,0,1
23624,嘉蓉,0,0
23629,迪刚,1,1
23633,炜霖,1,1
23640,艾瑶,1,0
23664,贵驰,1,1
23669,月水,0,0
23740,艺盛,1,1
23745,景贵,1,1
23751,晶泽,1,1
23776,溪儿,0,0
23788,玉德,1,1
23810,焕彩,0,1
23814,砚涵,1,1
23838,静贻,1,0
23885,薇诗,0,0
23887,琬倩,0,0
23905,荷源,1,0
23910,以佳,0,1
23913,哲帆,1,1
23929,连润,1,1
24013,睿宸,0,1
24056,香雪,0,0
24072,金源,1,1
24078,讨恋,0,0
24089,沂歌,1,1
24134,娟敬,0,0
24162,蕾宅,0,0
24173,暧彤,0,0
24204,号洲,1,1
24241,玥昔,0,0
24266,建丰,1,1
24285,维美,0,0
24296,渥权,1,1
24301,长军,1,1
24325,箐彤,0,0
24365,澹越,0,1
24381,雨阑,0,0
24393,馋馋,0,0
24421,婉怡,0,0
24441,韶华,1,0
24469,晓嫌,1,0
24479,崽,1,1
24486,财祯,1,1
24546,博颢,1,1
24640,贝菽,0,0
24700,姚菽,0,0
24734,礼宇,1,1
24769,妮翡,0,0
24789,茵妍,0,0
24801,河,1,1
24805,权迅,1,1
24821,芝成,1,1
24832,哲涵,0,1
24864,燃毅,1,1
24870,戽十,1,1
24878,晟春,1,1
24888,曾超,1,1
24904,乔伦,0,1
24911,土医,1,1
24932,鹫贤,0,1
24955,丝草,0,0
24992,传杰,0,1
25011,希柔,0,0
25031,妙瑛,0,0
25038,干阙,0,1
25177,皓午,1,1
25190,梆嘉,0,1
25202,田安,1,1
25277,企鸿,1,1
25281,颖馨,0,0
25305,叶博,1,1
25307,炅骅,1,1
25320,梓仁,1,1
25338,朋丽,0,1
25341,讯宝,1,1
25350,藜媚,0,0
25383,丹琦,0,0
25392,灵珑,1,0
25470,泞禧,0,0
25471,悦春,0,0
25542,玬,0,0
25583,海瑶,0,0
25624,彩莹,0,0
25645,哲明,0,1
25650,泺变,1,1
25664,如雅,0,0
25708,莹宛,0,0
25731,荻丁,0,0
25770,莎玺,0,0
25776,乡洄,0,0
25809,奕骏,1,1
25811,传洪,1,1
25865,兆含,1,1
25871,同飞,1,1
25877,佳瑞,0,0
25880,楚玮,0,1
25895,骐甄,1,1
25921,婉鹃,0,0
25933,贞娴,0,0
26005,钻,1,1
26014,萧璇,1,0
26019,三次,1,0
26029,嘉妍,0,0
26030,芋蘅,0,0
26067,栋宇,1,1
26069,旭晟,1,1
26078,瑾烨,0,0
26100,玄行,1,1
26113,嘉琪,0,0
26115,阿滔,1,1
26145,希铎,1,1
26163,宥彬,1,1
26179,姞瑶,0,0
26196,浩煜,0,1
26198,永彬,1,1
26208,浩桢,1,1
26225,嘉剑,1,1
26237,翊明,1,1
26283,小冉,0,0
26286,罗娜,0,0
26333,岩行,1,1
26357,韫萱,0,0
26386,长艺,1,1
26404,三姗,0,0
26464,益梵,1,1
26468,林皓,1,1
26509,它酌,1,1
26545,宸苒,1,0
26567,汉格,1,1
26576,智业,1,1
26587,正刚,1,1
26703,富泓,1,1
26750,镁佳,1,0
26754,皓企,1,1
26797,萱朵,0,0
26809,安雅,0,0
26823,茂鑫,0,1
26889,姝瑾,0,0
26922,娉莹,1,0
26944,佩轩,0,0
26959,坤然,1,1
26987,娜霍,0,0
26996,阁了,1,1
27000,凤娇,0,0
27055,驿可,1,1
27071,鑫敏,0,0
27077,洋源,1,1
27087,于婷,0,0
27088,溢浩,1,1
27095,奕沁,0,0
27141,杰楷,1,1
27150,易佳,1,1
27162,亚雯,0,0
27181,宛冗,1,0
27221,一楠,0,0
27229,恪琰,0,0
27242,辞刊,1,1
27245,柱,1,1
27281,金昌,1,1
27294,蕴韬,1,1
27299,金金,0,1
27322,蕴雨,0,0
27324,芷髓,0,0
27351,爱侠,0,0
27356,丽钰,0,0
27388,星溢,1,1
27431,雁孰,0,0
27542,喜怡,1,0
27553,梦新,0,0
27561,筱焐,1,0
27562,欢洳,0,0
27577,怀方,1,1
27605,合发,1,1
27609,克黔,1,1
27625,元思,0,1
27631,傲哲,1,1
27671,洛颍,1,0
27676,展凡,1,1
27693,昌起,1,1
27700,倩葭,0,0
27766,朵希,0,0
27793,岐,1,1
27810,届洋,1,1
27834,子茏,1,1
27836,玲令,0,0
27838,立琛,1,1
27845,一琪,0,0
27850,汝宽,1,1
27851,秋杨,0,0
27853,中翔,1,1
27882,冰宁,0,0
27904,星恺,1,1
27924,易鸣,1,1
27931,铤域,1,1
27956,桐昀,1,0
28008,倬逸,1,1
28090,湘水,1,0
28098,玪云,0,0
28103,瑄婷,0,0
28122,美善,1,0
28166,舀,1,1
28190,民高,1,1
28230,世界,1,1
28237,伟轶,1,1
28247,蔓语,0,0
28256,泽郡,1,1
28265,茗晞,0,0
28286,舜栎,1,0
28292,斯咏,1,1
28307,明兰,0,0
28314,松贵,1,1
28330,太占,1,1
28349,府奋,1,1
28356,娟菡,0,0
28372,朵伶,0,0
28397,会琦,0,0
28407,柯祎,0,1
28428,灏泯,1,1
28445,名萱,0,0
28486,粲曜,1,1
28491,厚荣,1,1
28495,晓龙,1,1
28538,悦茗,0,0
28539,谨菘,1,0
28569,宽仰,1,1
28583,之波,1,1
28637,渊瑞,1,1
28662,诗雅,0,0
28682,台攘,1,1
28816,好苗,1,0
28822,晓乔,0,0
28855,煊雯,1,0
28895,改汪,1,1
28914,麒懿,1,1
28920,金珏,0,0
28929,彭勃,1,1
28952,雪妤,0,0
28980,茹玲,0,0
28986,烜酐,1,1
28992,焱玮,1,1
29004,沿卫,1,1
29033,立贵,0,1
29070,婷萁,0,0
29103,晔铭,1,1
29124,洲,1,1
29134,一戈,1,1
29136,树擂,1,1
29148,紫晰,1,0
29151,略齐,1,1
29162,梓茼,1,0
29170,厅匡,1,1
29188,连靖,1,1
29215,钰儿,0,0
29280,嫁衣,0,0
29291,晓慧,0,0
29315,宝深,1,1
29353,叔暄,1,0
29377,素平,0,0
29386,城立,1,1
29391,尧萧,1,1
29421,慕昕,1,0
29429,寻秋,0,1
29436,碧袭,1,0
29447,馨媃,0,0
29452,俊秉,1,1
29470,翊懿,0,1
29474,宇扬,1,1
29503,梓格,1,0
29541,木韬,1,1
29555,楚群,1,1
29556,如益,1,1
29561,之衡,1,1
29640,颡吏,0,1
29676,真如,0,0
29693,苕驿,1,1
29715,廖德,1,1
29730,邢雯,0,0
29746,士阅,1,1
29754,小润,1,1
29758,欢姝,0,0
29761,滢比,0,0
29776,观候,1,1
29793,福坤,1,1
29815,成武,1,1
29827,双全,1,1
29830,元驹,1,1
29838,圣宇,1,1
29846,蕊立,1,0
29854,湿銮,1,1
29858,羽晴,0,0
29870,予妡,0,0
29910,新成,1,1
29932,泷兀,1,1
29941,子评,0,1
29976,薪菲,0,0
29993,韫华,1,1
30003,秋实,0,1
30039,涛瑜,0,1
30058,柔璇,0,0
30079,大城,1,1
30082,禹皓,1,1
30093,宝庆,1,1
30097,鹏涞,1,1
30103,建至,1,1
30125,琶晴,0,0
30129,夤芯,0,0
30139,大凤,0,1
30156,娴宁,0,0
30195,丹虹,0,0
30204,伟欢,1,1
30210,萍怀,1,0
30212,宥谦,1,1
30239,雨焕,0,1
30250,耀晨,1,1
30255,据菀,0,0
30258,静依,0,0
30268,瑞楷,1,1
30271,其斌,1,1
30294,茗颖,0,0
30310,令辰,1,1
30335,艳杜,0,0
30347,玉库,1,1
30355,熙嫣,0,0
30359,女荥,0,0
30367,竟宁,1,1
30370,汐玉,0,0
30382,伺旖,0,0
30388,姝芩,0,0
30393,嘉圳,1,1
30415,会娟,0,0
30432,泽晨,0,1
30442,昪人,1,0
30447,俊豌,1,1
30487,霁霁,0,0
30502,富凯,1,1
30517,汉钥,1,1
30544,屹媛,0,0
30550,顺仪,1,1
30555,光毅,1,1
30568,鹏译,1,1
30579,翰庭,1,1
30616,婷俪,0,0
30638,瑞奇,1,1
30768,鸾久,1,1
30778,桦钰,0,0
30784,之文,0,1
30846,培土,1,1
30916,君,0,0
30961,心杪,1,0
30973,聪畅,1,1
30974,橡宛,1,0
30975,金根,1,1
30982,俊瀚,1,1
30984,俗建,1,1
31014,氏,1,0
31058,其来,1,1
31061,珏瑾,0,0
31098,齐明,1,1
31101,蓝剧,1,0
31116,盈璇,0,0
31160,窈莎,0,0
31161,想想,0,1
31171,阑昙,1,0
31173,利科,1,1
31192,怡胜,1,1
31238,轩源,1,1
31286,瑞浚,1,1
31335,端晴,0,0
31338,易郅,1,1
31339,盛超,1,1
31369,俊溢,1,1
31407,美昀,0,0
31424,成燊,1,1
31446,延民,0,1
31475,晓悦,0,0
31508,墉宏,1,1
31522,清朗,1,1
31536,俊岭,1,1
31554,镁溪,1,0
31561,昀格,0,1
31565,绎杰,1,1
31571,壹炫,1,1
31582,鸾闫,1,1
31596,奕瀚,1,1
31600,珺秋,0,0
31605,宇樱,0,0
31626,德蓉,0,0
31641,小婷,0,0
31692,和璧,0,1
31766,奕敏,0,0
31769,怔涵,1,0
31778,璟臣,1,1
31790,静湘,0,0
31793,绅灏,1,1
31795,瑞焐,1,1
31800,雨仙,0,0
31818,君芝,0,0
31825,木彤,0,0
31840,谱曲,1,1
31863,纪显,1,1
31887,煜蒙,0,0
31899,锌兰,0,0
31946,鸾书,1,1
31955,辂雪,0,0
31956,令菲,0,0
32019,蕊币,0,0
32036,宸祖,1,1
32037,佑泽,1,1
32046,耀阳,1,1
32060,滇锣,1,1
32087,佳芸,0,0
32101,芳馥,0,0
32112,韵泓,1,0
32125,瑞颖,0,0
32147,新淇,0,0
32151,瑜珈,0,0
32187,蕃菀,0,0
32229,俏霓,1,0
32241,秋雨,0,0
32248,毓钦,1,1
32258,科铭,1,1
32259,芯诺,0,0
32276,龚泽,1,1
32292,纹城,1,1
32413,钰靖,0,0
32419,栓丞,1,1
32427,瀚麒,1,1
32482,国程,1,1
32560,登爨,1,1
32650,博睿,0,1
32672,祖琪,1,1
32681,着航,1,1
32723,易芝,1,0
32736,奕婷,0,0
32749,学兵,1,1
32751,继捷,1,1
32767,甲隆,1,1
32781,子濑,0,0
32817,鑫沧,1,1
32844,瑞途,1,1
32895,芷韶,0,0
32922,和欢,0,1
32938,伊伶,0,0
32942,嘉酷,1,1
32950,阳添,1,1
32994,澳辙,1,1
32999,舒田,0,0
33012,小文,0,0
33013,巧荣,1,0
33082,棵清,0,1
33090,治戎,1,1
33110,荷蕊,0,0
33112,张英,0,1
33128,永谒,1,1
33165,舒曼,0,0
33187,姗姬,0,0
33191,守蕊,0,0
33211,钰烨,0,0
33213,弘雅,0,1
33218,缇兴,1,1
33240,凌豪,1,1
33256,焕芳,0,0
33264,蕾钰,0,0
33297,中翰,1,1
33303,雪韬,1,1
33307,玮皤,1,1
33312,苏滇,1,1
33326,瑞珥,1,1
33332,珏萌,0,0
33335,姗肱,0,0
33350,琼慈,0,0
33367,郅浩,1,1
33386,瑀忻,0,0
33425,云蜂,1,1
33448,开成,1,1
33474,琴芬,0,0
33489,益润,1,1
33495,佑振,1,1
33504,御论,1,1
33515,润贤,0,1
33607,有瑜,1,1
33610,倚函,0,1
33630,昌慧,0,1
33651,舜宛,0,0
33667,坝婕,0,0
33691,女瀚,0,0
33712,笑怡,1,0
33741,昌晶,1,1
33749,篰兴,0,1
33755,平镇,1,1
33812,汶砡,1,1
33836,艾涛,1,1
33848,数彤,0,0
33850,雅桐,0,0
33859,芳璎,0,0
33861,港莎,0,0
33867,格忆,1,0
33868,莓茵,0,0
33883,能,1,1
33910,智纹,1,1
33932,迭桐,1,1
33939,子霖,1,1
34008,旭怡,0,0
34024,诺宜,1,0
34067,贝齐,0,0
34070,振跃,1,1
34128,雨湫,1,0
34134,镇涛,1,1
34139,坤岭,0,1
34143,婷瑞,0,0
34144,朵谢,0,0
34159,柳燚,0,0
34167,琼颖,0,0
34174,嘉鲜,1,0
34213,永蝶,0,0
34229,舜馨,0,0
34259,奉石,1,1
34271,煜芯,0,0
34340,晗筠,1,0
34401,灶芯,0,0
34439,人菲,0,0
34440,怡珍,0,0
34456,一匀,0,0
34458,仁迪,1,1
34459,宝琚,1,1
34473,鈭桐,1,0
34481,月勤,0,0
34498,卫刚,1,1
34518,如一,0,0
34524,伟骏,1,1
34530,菡豆,0,0
34539,忠成,1,1
34544,佳韬,1,1
34553,筱轩,0,0
34594,暹琦,1,0
34643,卯和,1,1
34649,杨果,0,1
34651,甜叶,0,0
34661,林凤,0,0
34676,缆芩,0,0
34687,立军,1,1
34713,海陶,1,1
34724,益伟,1,1
34749,锦淘,1,1
34750,香彤,0,0
34759,杨健,1,1
34760,紫瑄,0,0
34793,雨含,0,0
34837,德论,1,1
34838,桢炫,1,1
34852,珊羽,0,0
34876,沧险,1,1
34904,月辰,0,0
34933,郁红,0,0
34950,致杰,1,1
34956,嘉汉,1,1
34971,伯熙,1,1
35008,豪亮,0,1
35100,昱文,0,1
35102,晨笛,0,1
35103,军伟,1,1
35106,簧收,0,0
35112,巳恩,1,1
35115,弈川,1,1
35243,溥垌,1,1
35267,灿标,1,1
35276,谱裙,1,1
35330,天振,1,1
35333,宋丹,1,0
35335,昔罂,0,0
35414,展腾,1,1
35440,禹溪,1,1
35465,燚洨,0,0
35510,茱雅,0,0
35594,慕辰,1,1
35623,承竣,1,1
35629,玉女,0,0
35645,添医,1,1
35689,蕾诗,0,0
35695,坝园,0,0
35705,信舟,0,1
35726,颖璇,0,0
35730,召洋,1,1
35760,起帆,1,1
35766,炫岑,1,0
35768,凯宣,1,1
35823,珏瑛,0,0
35826,俏如,0,0
35834,志友,1,1
35907,雨芝,0,0
35915,馈,1,1
35936,庆宝,1,1
35985,富涛,1,1
35986,兆增,1,1
36012,羿晖,1,1
36041,欣埒,0,0
36042,绣,1,0
36052,梅方,1,0
36072,闻萱,0,0
36073,祥炜,0,1
36098,正元,1,1
36102,汉笃,1,1
36104,开广,1,1
36123,霈涵,0,1
36174,麟婷,0,0
36182,向朵,0,0
36206,立丽,0,0
36222,旻聪,1,1
36267,井泉,1,1
36297,馨凰,0,0
36310,铭优,0,1
36316,坤潞,0,1
36318,辰胤,1,1
36335,行韬,1,1
36344,成林,1,1
36360,琼云,0,0
36380,均,1,1
36404,嵩林,1,1
36422,锦灿,0,1
36423,志衡,1,1
36463,水波,1,1
36473,溱燕,0,0
36503,俪菡,0,0
36601,翔翱,0,1
36653,跃骧,1,1
36704,继涔,1,1
36715,洲源,1,1
36716,敏雪,0,0
36729,天铠,1,1
36785,纯冰,1,0
36789,泓铭,1,1
36813,沐菡,0,0
36833,恬睿,0,0
36975,沁婷,0,0
36982,尚郑,0,1
37001,泽钟,1,1
37005,妮萱,0,0
37021,楹盈,0,0
37059,朵樱,0,0
37093,晨玫,0,0
37107,铭训,1,1
37115,韵纯,0,0
37136,荷滢,0,0
37176,昌聍,1,1
37193,习阳,1,1
37202,昕廷,1,0
37224,颖秋,0,0
37247,园媛,0,0
37259,菟,1,1
37261,水星,1,1
37278,昱瑶,1,0
37284,俊胤,1,1
37285,率军,1,1
37293,念文,0,0
37323,建堂,0,1
37335,梓颛,1,1
37337,昭朵,0,0
37361,诧蓝,0,0
37394,里宁,0,0
37408,至憬,1,1
37417,秀田,1,0
37438,宇焓,1,1
37481,熙诗,0,0
37509,俪潋,1,0
37544,笑名,1,1
37570,钇垚,1,0
37592,昕栩,0,0
37601,地区,1,1
37608,伊春,0,0
37657,刖卿,0,1
37689,良骥,1,1
37691,辰金,0,1
37695,喆文,0,1
37700,灏笑,0,1
37705,蓉芬,0,0
37731,皓光,1,1
37733,长茗,0,1
37745,季美,0,0
37766,晨书,0,0
37774,嫔然,0,0
37788,千怡,1,0
37798,韦杰,1,1
37805,达新,0,1
37833,家婧,0,0
37836,功硕,1,1
37841,小璎,0,0
37892,家彬,1,1
37919,诚烊,1,1
37933,晨柔,0,0
37942,博珈,1,1
37948,韦滐,1,1
37960,亦欢,0,0
38022,永魁,1,1
38028,檬檬,0,1
38038,子霁,1,1
38054,佳一,0,0
38061,维拉,0,1
38092,柯懿,0,0
38100,昕禹,0,1
38117,泊诚,1,1
38151,祐体,1,1
38209,烽绍,1,1
38246,昌涛,1,1
38309,福光,1,1
38448,瑞妤,0,0
38460,婷然,0,0
38523,郴溪,1,1
38527,妮阑,0,0
38535,知鱼,1,1
38543,丝丝,1,0
38574,钧可,1,1
38583,又春,1,1
38602,顺良,1,1
38604,录轩,1,1
38617,于杼,0,0
38642,军威,1,1
38648,鑫谆,1,1
38660,珺瑜,1,0
38714,子厉,1,1
38727,家力,1,1
38763,霖鑫,1,1
38771,宸龙,1,1
38774,茂宁,1,1
38785,卿涵,0,0
38830,有起,1,1
38867,美美,0,0
38868,家鹏,1,1
38876,凌凯,1,1
38882,国彤,0,1
38942,品儒,1,1
38971,翰城,1,1
38988,政有,1,1
39022,沉缘,0,1
39035,凤伢,1,0
39048,琳露,0,0
39103,钱丞,1,1
39111,冠溪,1,1
39143,云洋,1,1
39156,允善,0,1
39162,一妤,0,0
39194,梓灼,1,1
39198,曦萌,0,0
39212,志凯,1,1
39224,盛成,1,1
39246,相毅,1,1
39252,秋姮,0,0
39267,孩立,1,1
39282,佘菀,0,0
39291,培恩,1,1
39302,欢雨,0,0
39336,勃屹,1,1
39344,蓝毓,1,0
39388,八,1,1
39393,祖明,1,1
39399,腾俊,1,1
39417,国平,0,1
39445,旭丞,1,1
39446,书秀,0,0
39449,汉玲,0,0
39485,冠军,1,1
39510,宸弈,1,1
39537,尤延,1,1
39544,欣予,1,0
39555,禄,1,1
39558,薇梦,0,0
39603,凡石,1,1
39622,景竑,1,1
39663,日俊,1,1
39678,斯荣,1,1
39679,夫远,1,1
39680,一义,1,1
39708,纹睿,0,0
39799,舒俊,0,0
39816,昕言,0,0
39818,希缘,1,0
39824,以索,1,1
39832,丙鸾,1,1
39833,泶菡,0,0
39842,佶,1,1
39852,芯雯,0,0
39853,陇莺,0,0
39883,宇成,0,1
39895,宛臻,0,0
39897,天雨,0,1
39902,炜均,1,1
39925,庆俊,1,1
39955,言坤,1,1
39980,艺沫,0,0
39990,艾玲,0,0
40011,衍霆,1,1
40057,靖萱,0,0
40058,圣谰,1,1
40090,盛弈,0,1
40127,香菽,0,0
40156,晓茵,0,0
40177,艺韬,1,1
40178,菲晴,0,0
40181,钰童,0,0
40192,奕多,1,1
40195,宪亨,1,1
40206,俊轩,0,1
40210,答匀,1,1
40293,连枝,0,1
40297,颖爰,0,0
40317,航航,1,1
40333,值显,1,1
40344,浩辰,1,1
40353,钰艺,0,0
40360,从之,1,1
40366,鳙镶,0,0
40419,露含,1,0
40438,沿剑,1,1
40467,秀鑫,0,0
40475,霞戆,0,0
40503,歆徕,1,1
40532,晓卿,1,0
40542,婧澜,0,0
40567,福鸿,1,1
40601,飞娴,0,0
40620,仙媛,0,0
40658,小立,1,1
40718,思艺,0,0
40722,秋澄,0,0
40734,倦皎,0,0
40777,娅力,0,0
40779,溪雅,1,0
40780,希锐,1,1
40799,昱航,1,1
40804,敬茹,0,0
40815,一缨,0,0
40821,钊浥,1,1
40847,若帆,0,0
40864,长琦,1,1
40874,龙宽,1,1
40881,禳淑,0,0
40899,菡萁,0,0
40918,亚诚,1,1
40935,石芸,0,1
40963,童诺,0,0
40979,汭萍,0,0
41016,曦云,0,0
41035,光鉴,0,1
41052,添亦,1,1
41058,宣帆,1,1
41060,昕璨,1,0
41092,奇杰,1,1
41115,于靖,1,1
41183,决屿,1,1
41196,贝茗,0,0
41200,震昊,1,1
41211,家桦,1,1
41228,淑,0,0
41242,于晶,0,1
41256,语菱,0,0
41266,家漩,1,1
41314,夕藤,1,0
41326,子豹,1,1
41382,蕊霄,0,0
41414,勇良,1,1
41452,梓惜,0,0
41485,迅全,1,1
41493,朱嘉,1,0
41515,万朋,1,1
41520,涵培,1,1
41523,英皓,1,1
41524,丰京,1,1
41541,晓雁,1,1
41549,锦越,0,1
41557,媚琳,0,0
41565,彧熙,1,1
41587,艳雅,0,0
41614,瞬,1,1
41651,炜琦,1,1
41666,书美,0,0
41669,驿题,1,1
41690,斯睿,0,1
41738,博茗,1,1
41779,子坤,1,1
41786,荷奭,0,0
41796,青滢,0,0
41817,炜浩,1,1
41872,柬硕,1,1
41900,修晖,1,1
41909,巾玉,0,0
41921,郝铭,1,1
41955,凡伟,1,1
41957,先海,1,1
41996,灏坤,1,1
42002,姗颖,0,0
42013,莎敏,0,0
42023,千云,0,0
42037,广生,1,1
42050,可蓉,0,0
42058,馥烜,0,0
42081,叶谨,0,0
42126,友森,1,1
42223,洁容,0,0
42245,项羽,1,0
42250,树岗,1,1
42273,晃,1,1
42290,璐湘,1,0
42301,人嫱,0,0
42336,森哲,1,1
42375,智涵,0,1
42406,苇然,0,1
42409,德品,1,1
42467,颢奕,1,1
42478,给珑,0,1
42495,浩莉,0,0
42540,欣莹,0,0
42582,力鑫,1,1
42587,卉霍,0,0
42608,世强,1,1
42613,卜楠,1,1
42615,续予,0,1
42637,育真,1,1
42638,熙朋,1,1
42641,羽微,1,0
42708,梓修,1,1
42711,鹏棋,1,1
42734,佳熳,0,0
42769,笛嘉,1,1
42808,子又,1,1
42888,蕙子,0,0
42899,爱情,0,0
42901,权浩,1,1
42906,勒莫,1,1
42920,力涵,0,1
42945,炀,1,1
42947,本平,1,1
42957,一驿,1,1
42964,蕙群,1,0
42974,充瞻,1,1
42988,沐颜,1,0
42996,向中,1,1
43007,添娇,0,0
43033,恺宇,1,1
43034,祖豪,1,1
43041,彦仲,1,1
43053,子峣,1,1
43069,蓝萍,0,0
43084,泽山,1,1
43165,镰俸,1,1
43217,僮飒,1,1
43275,摘续,1,1
43298,丁香,0,0
43315,赐孟,1,1
43325,芸紫,0,0
43327,紫淤,0,0
43338,万祥,1,1
43360,颢泵,1,1
43366,镔匡,1,1
43443,天络,1,1
43471,献文,1,1
43506,珮曦,0,0
43533,惊山,1,1
43542,翠翠,1,0
43557,责又,1,1
43572,藕茉,0,0
43604,恒易,1,1
43608,千越,1,1
43622,仁红,0,1
43656,宇沁,1,0
43685,东帆,1,1
43693,炳瑶,1,0
43708,要文,1,1
43713,意琳,0,0
43730,学盈,1,1
43779,书韵,1,0
43824,纬豪,1,1
43832,曼舒,0,0
43840,进才,1,1
43842,拥岳,1,1
43892,从付,1,1
43948,红羽,0,0
43970,雅庆,1,0
43986,转,1,1
44024,幽州,1,1
44033,灵莎,0,0
44044,值畅,1,1
44053,芸畹,1,0
44086,绎浙,1,1
44176,毓哲,1,1
44224,俞希,0,0
44234,振凯,1,1
44244,尚乾,1,1
44245,川颢,1,1
44277,乐愉,1,0
44336,有睿,0,1
44350,熟矗,1,1
44360,武燧,1,1
44417,宓蕊,0,0
44419,英飙,1,1
44437,若玥,0,0
44452,惠樱,0,0
44455,芸豪,1,1
44468,楚儿,0,0
44469,姑莉,0,0
44476,智展,1,1
44515,采琳,0,0
44536,轿嫣,0,0
44547,晓旺,1,1
44553,谚君,0,1
44558,矗垠,1,1
44573,喜霆,1,1
44594,毅程,1,1
44622,绍钦,1,1
44634,雯绢,0,0
44652,钟书,1,1
44653,煌投,1,1
44670,嫔希,0,0
44703,宇鸿,0,1
44725,区司,1,1
44726,亦安,1,1
44746,钰淼,0,0
44758,励仁,1,1
44765,耀钰,1,1
44788,小风,0,1
44790,育荣,1,1
44807,姚晨,1,0
44842,镇休,1,1
44926,珊杉,1,0
44989,金莎,0,0
45021,令鹏,1,1
45055,豪杨,1,1
45086,黠滕,1,1
45104,宠晓,1,0
45108,翌成,1,1
45125,弈函,1,1
45128,皓茗,1,1
45153,艳如,0,0
45171,崴怡,0,0
45172,绪刚,1,1
45189,景地,1,1
45214,卓冉,1,0
45240,晨俊,0,1
45249,贞云,0,0
45270,仕瑞,0,1
45300,吉涫,1,1
45309,意配,1,1
45323,茜婵,0,0
45343,诗旗,0,0
45352,海鸣,1,1
45399,芸峻,1,1
45401,百勋,1,1
45437,劭然,1,1
45445,智晟,1,1
45459,愫蕊,0,0
45495,楷汶,1,1
45529,拂然,1,1
45570,筱熙,0,0
45611,涵琬,0,0
45613,帝潮,1,1
45635,锐鹏,1,1
45666,纪希,0,1
45680,梓恩,0,0
45681,谨涵,0,0
45703,茗睿,0,0
45706,娟符,0,0
45710,宋琌,0,0
45738,修健,1,1
45783,芃豪,1,1
45836,瑞珺,1,1
45845,苓巧,0,0
45850,鸥箐,0,0
45871,赢盈,0,0
45896,心夏,0,0
45939,雅,0,0
45973,先福,1,1
45979,昕哲,1,1
46015,沐源,1,1
46035,伟谋,1,1
46036,妍菱,0,0
46062,偶送,1,1
46122,刻招,1,1
46136,俊翼,1,1
46141,璐逍,0,0
46142,千姿,0,0
46146,业岭,0,1
46157,起翔,1,1
46160,汐梅,0,0
46171,万众,1,1
46172,弈宸,1,1
46184,翊喾,1,1
46191,润雨,1,1
46204,砾凡,1,0
46219,镶滏,0,0
46234,芸汐,0,0
46238,庚申,1,1
46241,一名,1,1
46307,致强,1,1
46337,凌嫣,0,0
46364,白湄,1,0
46394,辽源,1,1
46431,菽璐,1,0
46448,寄辰,1,1
46450,璐晨,0,0
46458,雁菲,0,0
46467,行畅,1,1
46469,又宪,1,1
46496,瑶宁,0,0
46528,健儿,1,1
46535,沉媚,0,0
46540,由蕾,0,0
46570,婧其,0,0
46653,茵萍,0,0
46686,嫕凝,0,0
46707,可尧,1,0
46712,讴轼,1,1
46749,令勋,1,1
46779,刁若,0,0
46782,袭梦,1,0
46804,湿栏,1,1
46826,凌飞,0,1
46827,维臣,1,1
46840,晟天,1,1
46848,泽菡,0,0
46858,于娇,0,0
46876,彩洁,0,0
46880,淄桐,1,1
46884,忻睿,0,0
46889,靖娴,0,0
46898,盘宇,1,1
46925,元毅,1,1
46937,勇智,1,1
46944,成成,1,1
46963,伊沐,0,0
46979,陈扬,1,1
47035,述强,1,1
47083,周莲,0,0
47099,羽橦,0,0
47118,诺诗,0,0
47125,子印,1,1
47154,玉腾,1,1
47165,桂交,1,0
47178,瑞焙,1,1
47188,炘婷,0,0
47194,海湾,0,1
47231,捷旋,1,1
47265,浩幛,1,1
47270,芊桦,1,0
47283,怡秀,0,0
47335,烟萍,0,0
47336,纬山,1,1
47370,治乾,1,1
47425,乔蒙,1,0
47435,田晓,0,1
47440,帅嫱,0,0
47484,睿茹,0,0
47507,飞亚,1,1
47534,柠棋,1,1
47567,飞凡,0,1
47578,巧宛,0,0
47630,淄祺,1,1
47633,滔,1,1
47679,天岳,1,1
47698,婧芩,0,0
47762,俊汶,0,1
47795,胜美,1,1
47822,璟琛,1,1
47834,露欢,1,0
47838,基新,1,1
47910,聂娴,0,0
47939,院霞,0,0
47961,泰雨,1,1
48003,坦默,1,1
48055,梅林,0,0
48105,兮捷,0,0
48131,骏意,1,1
48150,修强,1,1
48162,江霞,0,0
48166,洁菁,0,0
48170,涵焱,1,1
48180,覃贞,1,0
48201,荥媛,0,0
48202,榜褶,1,1
48205,朝浩,1,1
48224,立翼,1,1
48248,荣御,1,1
48254,洁磊,1,1
48259,惠浩,0,1
48260,银峰,1,1
48293,画心,0,0
48324,欢俞,1,0
48360,羽妍,0,0
48412,熙琳,0,0
48419,琳蕊,0,0
48433,渊志,1,1
48435,妙夕,0,0
48444,愈译,1,1
48457,匀彬,1,1
48461,利滔,1,1
48475,澳翔,1,1
48481,馥瑛,0,0
48485,文烨,0,1
48497,梓灏,1,1
48518,祺菡,1,0
48520,向瑶,0,0
48562,思凝,0,0
48565,欣采,1,0
48576,茹意,1,0
48621,锐柔,0,0
48655,微熹,0,0
48660,水杏,0,0
48711,苏衍,0,0
48743,瑜晨,0,0
48758,云晨,0,0
48798,彩萁,1,0
48802,瑜谨,1,0
48817,绍曦,1,1
48877,靖鸿,1,1
48881,珞媛,0,0
48950,专羽,1,1
48952,学跃,1,1
48973,立惠,1,0
48974,星宏,1,1
48999,宵文,0,1
49039,步争,1,1
49052,事强,1,1
49083,问答,1,1
49098,祈睿,1,1
49153,尼馨,0,0
49186,曦童,0,0
49210,亚洲,1,1
49217,禧艺,0,0
49254,嘉棋,0,1
49291,轶博,1,1
49327,舻烊,1,1
49328,媛琼,0,0
49339,邝含,1,1
49363,予熙,1,1
49390,苏慧,1,0
49393,丹然,0,0
49395,远胜,1,1
49435,蔷杉,0,0
49474,晋孝,1,1
49479,欻怡,0,0
49489,彦义,1,1
49552,樱亢,0,0
49555,筱芊,0,0
49564,长青,0,1
49573,坝士,1,1
49584,采聆,0,0
49589,昌颜,1,1
49591,国芳,0,0
49609,红娟,0,0
49611,菡萏,1,0
49616,越朗,1,1
49618,文娇,0,0
49629,云柯,1,1
49653,悔何,1,1
49662,丙新,1,1
49667,多思,0,1
49700,煜斌,1,1
49711,牟,0,0
49749,会英,1,0
49765,煜宸,0,1
49795,蕃萱,0,0
49802,茶朵,1,0
49806,美昝,0,0
49817,一壹,0,1
49866,海俊,1,1
49880,也城,1,1
49936,雅俪,0,0
49949,艾依,0,0
49954,晓蔚,1,1
49960,哲宸,1,1
49972,钰澧,0,0
49983,炜森,1,1
49991,灏鸣,1,1
50057,桂萍,0,0
50060,祺楠,1,0
50121,艳菲,0,0
50133,冰昱,0,0
50149,颜色,0,0
50182,素姚,1,0
50213,柔月,0,0
50277,际镒,1,1
50290,缨琬,0,0
50310,浠宁,0,0
50311,惠丹,0,0
50325,高反,1,1
50338,优扬,0,1
50350,奥曼,1,0
50381,广勇,1,1
50387,云星,1,0
50388,宏兴,1,1
50406,彦军,1,1
50469,芫雯,0,0
50471,浚鑫,1,1
50474,蕴紫,0,0
50475,菁妞,0,0
50478,雨梵,1,1
50489,翊畅,1,1
50497,福璋,1,1
50502,色婵,0,0
50511,丁举,1,1
50514,丰侠,1,1
50523,志方,1,1
50537,皓铭,1,1
50569,聂菀,0,0
50570,洪华,1,1
50582,正纲,1,1
50612,贝朵,0,0
50634,佳翌,0,1
50649,勇昭,1,1
50679,境轩,1,1
50697,董鸣,1,1
50759,圆安,1,1
50774,炎姬,0,0
50792,俊迈,1,1
50795,俊樊,1,1
50811,渊昊,1,1
50812,佳翠,1,0
50851,光琇,1,1
50869,基志,1,1
50876,森凯,1,1
50898,语芮,0,0
50914,慧心,0,0
50942,晓梅,0,0
50949,严藜,1,0
50965,龙韩,1,1
50995,尔鈅,1,1
51000,幸欧,1,0
51070,炜阳,1,1
51105,向嵘,1,1
51121,芷盈,0,0
51160,琛淇,0,1
51173,山赋,1,1
51191,映蓉,0,0
51203,渊鹏,1,1
51217,芸青,0,0
51220,蕊箐,0,0
51233,珊宏,1,0
51241,登泰,1,1
51257,乐欧,1,1
51262,少鑫,1,1
51265,建民,0,1
51275,佳汪,1,1
51288,梓坤,0,1
51292,政卢,1,1
51302,汾蓉,0,0
51312,健航,1,1
51334,腾茗,0,1
51337,奕博,1,1
51342,昊申,1,1
51387,澋玥,0,0
51388,尚锐,1,1
51400,军兰,0,0
51422,肚义,1,1
51437,秋毅,1,1
51439,一匮,1,0
51478,兴旺,1,1
51486,少奎,1,1
51507,刚生,1,1
51508,凡镌,1,1
51509,业春,0,1
51536,沁窈,1,0
51568,寅杰,1,1
51573,欢骋,0,1
51583,雨沅,0,0
51617,艳芳,0,0
51627,竺憝,0,0
51628,家校,1,1
51657,侬醴,0,0
51762,昕蕾,0,0
51891,河颖,0,0
51942,一萍,0,0
51996,府麒,1,1
52039,哲强,1,1
52062,佩虑,0,0
52085,境博,1,1
52088,燕芸,0,0
52115,奉泽,1,1
52121,墨琼,0,0
52130,棋格,0,1
52132,韵韩,0,0
52152,是奇,1,1
52154,丽骁,0,0
52179,毅桀,1,1
52195,寒江,1,1
52214,若雅,0,0
52250,道之,1,1
52291,焕珂,1,1
52295,泽臣,1,1
52328,旻沐,1,1
52342,可幽,1,0
52359,宸宜,1,1
52363,婧麒,0,0
52367,申臻,1,1
52368,桂钦,1,1
52440,羞箬,0,0
52446,珂珂,0,1
52489,雯青,0,0
52529,樱艳,0,0
52546,纪焙,1,1
52552,弘厚,1,1
52592,玮质,1,1
52626,田子,1,1
52731,迎迎,0,0
52758,辉霞,0,0
52772,思勰,1,1
52780,灵诗,0,0
52803,伟褀,1,1
52808,彦玮,1,1
52859,怀沙,1,1
52920,家标,1,1
52948,家义,1,1
52968,杰煜,1,1
52984,艳霞,0,0
52987,旦百,0,1
52996,紫媛,0,0
53046,在许,1,1
53050,达龙,0,1
53092,熙喆,1,1
53101,文恺,1,1
53116,德雨,1,1
53127,引利,1,1
53128,振昆,1,1
53145,循书,1,1
53152,观扬,1,1
53164,研竹,1,0
53169,贻涵,0,0
53183,雅汐,0,0
53208,艺东,1,1
53229,明翰,1,1
53298,红茹,0,0
53355,秀琼,0,0
53356,诚业,1,1
53361,文飚,1,1
53415,振霖,1,1
53425,冠飞,1,1
53494,安鹏,1,1
53581,元戆,1,1
53626,镁其,1,1
53649,辰晟,1,1
53650,国香,1,0
53668,纹菱,0,0
53686,从政,1,1
53688,仙,0,0
53710,峻灿,1,1
53759,寅淇,0,1
53765,应林,1,1
53808,广钦,0,1
53832,深,1,1
53855,付兴,1,1
53864,随心,1,1
53870,尉乔,1,1
53901,轩茗,0,0
53908,灵藻,0,0
53923,旎妃,0,0
53969,赐禄,1,1
53976,蕉箔,1,0
54031,骁屾,1,1
54060,芦彗,0,0
54080,思伟,1,1
54089,寺璐,0,0
54130,凯忠,1,1
54139,娴竺,0,0
54144,芳岑,0,0
54157,美莉,0,0
54173,亮帆,1,1
54175,峻藜,1,1
54183,璐榕,0,0
54227,笑瑞,0,1
54229,方元,1,1
54238,方滢,0,0
54253,又俊,0,1
54262,笑榕,1,1
54265,元熔,1,1
54283,秉卿,1,1
54317,峻彤,1,1
54320,有守,1,1
54349,雅丽,0,0
54356,永生,1,1
54386,爱乐,0,0
54429,铱乐,0,0
54452,熠超,1,1
54466,景风,1,1
54488,筱玥,0,0
54513,乃童,1,1
54517,秀丹,0,0
54531,佳妃,0,0
54559,一即,0,0
54566,潞瑶,0,0
54582,烯鋆,0,0
54611,传岩,1,1
54612,响艮,1,1
54625,闺缨,0,0
54662,鸢莹,0,0
54673,康嘉,1,1
54674,烨冉,0,0
54698,锦升,1,1
54705,霓妍,0,0
54715,斯琳,0,0
54728,锡卿,1,1
54756,翌人,1,1
54770,蕤槐,1,1
54802,心睿,0,0
54811,晶缨,0,0
54848,海喜,1,1
54863,子霞,0,0
54905,荟茹,0,0
54927,筹葶,0,0
54955,霁晔,1,1
55037,怀樱,0,0
55055,劲豪,1,1
55062,洁潆,1,0
55108,旨烜,1,1
55110,惟泓,1,1
55116,世淼,1,1
55140,抻溪,1,0
55175,濡旗,1,1
55213,树伟,1,1
55230,铭鈊,1,1
55250,渝柔,0,0
55293,菲帆,1,0
55301,正之,1,1
55321,土丁,1,1
55365,璟琳,1,0
55402,喜秋,1,0
55407,林秀,0,0
55411,泽舒,0,0
55426,泓汐,1,0
55431,入矗,1,1
55570,遴丁,0,0
55575,晨玙,0,0
55639,凡睛,0,1
55673,隽琰,0,1
55678,希温,1,1
55681,芊芊,0,0
55688,承尧,1,1
55697,琬夏,0,0
55704,昱禾,1,1
55735,芯嫒,0,0
55736,愈咏,1,1
55751,炎寅,1,1
55773,诗译,0,1
55815,滢岚,0,0
55817,耀霖,1,1
55857,昕泽,0,0
55862,传印,1,1
55900,林飞,1,1
55910,筠钰,0,0
55914,峰威,1,1
55937,蝈坚,1,1
55938,巧秀,0,0
55966,俪荔,0,0
55967,贤禧,1,0
55969,兵灵,1,1
55978,暂骥,1,1
55994,奕霆,1,1
56010,八凤,0,0
56011,质妍,0,0
56018,益涵,1,1
56074,谨夕,0,0
56078,姣裳,0,0
56105,世萱,0,0
56127,念微,0,0
56162,德圻,1,1
56184,俊奕,1,1
56204,如海,0,0
56212,铁青,0,1
56228,梓栋,1,1
56260,华灿,1,1
56273,明蓄,1,1
56285,博群,0,1
56288,锌菡,0,0
56351,垄示,1,1
56355,德瑞,1,1
56362,昱荃,0,1
56364,钰岱,1,1
56384,量蘩,1,1
56405,良华,1,1
56410,招珊,0,0
56413,韶优,1,0
56442,龚洁,1,1
56486,宸曼,0,0
56509,骁川,1,1
56514,忻恒,1,1
56518,劲光,1,1
56554,蕴闾,0,0
56564,淑抡,0,0
56567,传承,1,1
56577,祺皓,1,1
56590,纪宏,1,1
56603,卓娟,0,0
56611,希旨,1,0
56618,成彬,1,1
56632,蓝翼,1,0
56646,睿哲,0,1
56648,荣凡,0,1
56662,琪邝,0,0
56675,彦菲,0,0
56685,文宝,0,1
56686,路萍,0,0
56689,培瑜,1,1
56745,子朝,1,1
56768,方剑,1,1
56769,柃瑞,1,0
56781,荣斌,1,1
56784,诗榆,0,0
56790,羿挥,1,1
56817,继河,1,1
56822,澔韩,1,1
56858,意愫,1,0
56859,韵悦,0,0
56868,睦,0,1
56888,恋怜,0,0
56896,峻煊,1,1
56990,宗艳,0,0
56996,霖宇,1,1
57032,森宁,1,1
57037,德二,1,1
57051,良高,1,1
57109,素君,0,0
57130,詹雨,0,0
57153,丹婷,0,0
57159,栊壬,1,1
57161,欲腾,1,1
57181,婧潼,0,0
57186,缨甜,0,0
57194,茂馨,0,0
57199,建花,0,0
57214,己稔,1,1
57216,茹茗,0,0
57228,蕹菽,0,0
57243,浚喆,1,1
57249,朝睿,1,1
57258,开笑,1,1
57284,仟珍,0,0
57286,楸,1,1
57327,月翠,0,0
57377,祖福,1,1
57386,顺梅,0,0
57405,一蓁,1,0
57414,振镡,1,1
57417,诗辉,1,1
57456,玫婵,0,0
57483,鹤缤,1,1
57508,峻晨,1,1
57528,舒舒,0,0
57570,国平,1,1
57630,叶宁,0,0
57640,柏童,1,1
57679,倩如,0,0
57686,巾佑,0,0
57715,和杨,1,1
57783,兹涵,1,0
57809,美亦,0,0
57842,芸馨,0,0
57848,全威,1,1
57867,瑞斓,1,0
57868,禾佳,1,0
57870,紫杏,0,0
57878,峻誉,1,1
57885,椿子,1,1
57962,豪龙,1,1
57999,韬允,1,1
58021,玮漩,0,1
58063,芸甄,0,0
58105,新慰,1,1
58124,俪月,0,0
58132,悠闳,1,1
58135,琬琦,0,0
58149,锐熙,0,1
58157,资观,1,1
58166,促鑫,1,0
58178,芸上,0,0
58206,琼谡,0,0
58211,连翠,1,0
58213,仙燕,0,0
58215,飘蓼,0,0
58220,全勇,1,1
58264,元正,1,1
58274,于建,1,1
58276,隐又,1,1
58297,子禹,1,1
58333,益宸,1,1
58357,洗娇,0,0
58434,明均,1,1
58435,于云,0,0
58450,四嘉,1,1
58487,溢磊,1,1
58493,凯明,1,1
58502,承杰,1,1
58526,海祥,1,1
58536,春坤,1,1
58554,致,1,1
58556,霰苔,0,0
58615,幸明,1,0
58624,杨吕,1,1
58634,保民,1,1
58638,冠烃,1,1
58670,以伦,1,1
58699,蔓篮,0,0
58706,召寅,1,1
58755,葶莲,0,0
58771,珑月,0,0
58797,苏讫,1,0
58810,翔基,1,1
58826,晓亿,0,1
58841,院灵,1,0
58866,曼华,0,0
58880,守民,1,1
58901,攀岩,1,1
58947,卫平,1,1
58962,嗣媛,0,0
58967,通呈,1,1
58993,俐贞,0,0
58996,胡说,1,0
59025,钊豪,1,1
59026,婉玉,0,0
59035,希燃,1,1
59051,烈藻,0,1
59052,佐初,1,1
59059,神颢,1,1
59078,卒钰,0,0
59089,直儒,1,1
59148,梓墨,0,1
59154,本峰,1,1
59177,媪雅,0,0
59185,政霞,0,0
59212,飘娴,0,0
59243,颖倩,0,0
59273,瑜鸿,0,1
59274,若含,0,0
59300,可艴,1,0
59301,子仁,1,1
59373,庚根,1,1
59390,跃鑫,1,1
59391,敬洋,1,1
59399,彩舫,0,0
59403,溢勉,1,1
59419,琳达,1,1
59430,哲柳,1,1
59462,恒德,1,1
59475,达宏,1,1
59511,易轩,1,1
59520,炎辰,1,1
59568,斡晖,1,1
59577,得颐,1,1
59596,珂憬,1,1
59617,靖爱,0,0
59619,雯溪,0,0
59649,晓炫,1,1
59653,进晞,1,1
59675,宝粮,1,1
59701,煕阳,1,1
59727,恩沛,1,1
59746,璐荷,0,0
59764,鸿仁,1,1
59775,云瀚,1,1
59798,乃谦,1,1
59802,伏本,1,1
59803,茵涵,0,0
59856,俊凯,1,1
59858,还升,1,1
59918,世翰,1,1
59923,北料,1,1
59925,雨潞,0,0
59935,雨莫,0,0
59938,滟宇,1,1
59984,明燕,0,0
59994,弥腾,1,1
59999,紫垄,1,0
60010,娑俪,0,0
60034,雯佩,0,0
60040,芷莉,0,0
60072,崇梵,1,1
60118,佑娟,0,0
60167,梦妮,0,0
60195,旬鹰,1,1
60203,希萍,0,0
60214,宁宁,0,0
60219,竣新,1,1
60249,新亮,1,1
60274,欣彧,0,0
60275,棋元,0,1
60278,卓天,1,1
60281,荣新,1,1
60386,胜鹏,1,1
60396,晓抗,1,0
60434,哲仟,1,1
60436,香芸,0,0
60473,陈永,1,1
60490,泆,1,1
60541,蓝若,0,0
60548,樱瑗,0,0
60551,意越,1,1
60555,孟帅,1,1
60575,浚司,1,1
60589,银栋,1,1
60646,少贞,0,0
60666,茵莹,0,0
60684,璎楠,0,0
60734,袭镆,0,0
60762,女婵,0,0
60785,珞烙,1,0
60802,全蕊,0,0
60843,川,0,1
60887,玉妮,0,0
60893,植勇,1,1
60914,祯乐,1,1
60926,旻宇,0,1
60989,喜宇,1,1
61019,登高,1,1
61024,深延,1,1
61026,桐颍,0,0
61029,冠九,1,1
61053,祥桂,0,1
61092,德欣,1,1
61097,地瓜,1,1
61104,嘉圆,0,1
61138,耕赦,1,1
61158,博瑾,0,1
61214,飘一,0,0
61234,文乙,1,1
61288,政懿,1,1
61293,虹渊,0,1
61380,进芳,0,0
61410,喜梅,0,0
61419,庆薪,0,1
61434,晨娇,0,0
61454,岳杉,1,1
61463,来札,1,1
61464,沐昊,1,1
61465,炫圹,1,0
61496,虹运,1,1
61503,煜丞,1,1
61522,相雳,1,1
61539,笑晶,1,1
61547,哲其,1,1
61559,竹凰,0,0
61563,清凌,0,0
61579,恒乐,1,1
61589,光美,1,1
61590,庭徽,1,1
61611,意扉,0,0
61613,喻秋,0,0
61634,三石,0,1
61651,一吟,1,0
61675,诗羽,0,0
61682,汝朵,1,0
61692,蒲娟,0,0
61716,姿祯,1,0
61730,罗雅,1,0
61731,旭珍,0,0
61759,凤骄,0,0
61777,梅炅,0,0
61799,竣麒,1,1
61860,礼驿,1,1
61895,义辰,1,1
61897,烨宇,1,1
61916,兆誉,1,1
61918,瞒金,1,1
61952,娇,0,0
61960,募云,0,0
61965,令珑,1,1
61969,晨嘉,0,0
62005,桂宝,1,1
62013,炎睿,0,1
62016,洪霞,0,0
62030,菱韵,0,0
62031,硕明,1,1
62053,才婷,0,0
62074,恋宸,0,0
62135,欢篆,0,1
62150,格颢,1,1
62194,泊丹,1,1
62244,千智,0,1
62252,赫茗,1,1
62276,柏璇,0,1
62298,忠心,1,1
62310,彩斌,0,1
62314,鹤淼,0,1
62333,琬韵,0,0
62335,海越,1,1
62361,迩愿,1,1
62394,江枫,1,1
62398,蓁泰,1,1
62433,玉花,0,0
62441,晓波,1,1
62442,根思,0,1
62472,明洛,1,1
62476,申畅,1,1
62480,戚旭,1,1
62554,奎友,1,1
62571,诞朔,1,1
62589,广维,1,1
62594,涵雨,0,0
62605,营巧,0,0
62659,晟垚,0,1
62711,荻非,0,0
62737,祚,1,1
62761,润垚,1,1
62764,轻欣,0,0
62804,涵沣,1,1
62806,玺楠,1,0
62824,怀敏,1,0
62851,彩翎,1,0
62882,艺晗,0,0
62912,睿昕,0,0
62928,裳欣,0,0
62950,覆吝,0,1
62955,俊佩,0,0
62981,璨羽,0,0
62996,琛蕉,1,1
63010,丁己,1,1
63024,心路,1,0
63037,竺吟,0,0
63082,舜禾,0,0
63083,淇玉,0,0
63103,瑞靖,0,1
63104,煦徐,0,1
63115,雯嫣,0,0
63118,书泽,1,1
63124,亦缓,0,0
63134,境然,0,0
63213,高领,1,1
63226,欣宜,1,0
63228,雯琼,0,0
63240,施娴,0,0
63289,丁锦,0,0
63292,兴康,1,1
63296,澍燚,1,1
63319,隽尚,1,1
63321,盛烨,1,1
63335,思民,0,1
63348,龄汇,0,1
63392,欣幼,0,0
63399,青健,1,1
63407,兆斐,1,1
63421,柏龟,1,1
63422,谨秋,0,0
63431,金平,0,1
63448,成木,1,1
63450,艺鸣,0,1
63485,钻桥,1,1
63514,泊爵,1,1
63534,金泰,1,1
63574,家全,1,1
63575,书彤,0,0
63621,远佳,1,1
63696,蕊丽,0,0
63703,施雅,1,0
63707,双义,1,1
63713,锦翊,1,1
63725,保鹏,1,1
63726,孟强,1,1
63732,思绰,0,0
63771,诗雯,0,0
63792,育明,1,1
63801,今歌,0,1
63817,罐堵,0,0
63888,昱榀,1,1
63906,鸣宇,1,1
63912,懿凡,0,0
63917,思润,1,1
63972,欣燚,1,0
63994,守函,1,1
64023,瑞思,0,0
64026,兆淇,1,1
64052,绥晨,1,1
64060,凡诒,0,0
64080,濒膝,1,1
64120,省勰,1,1
64127,伶睿,0,0
64146,珊婉,0,0
64166,方岩,1,1
64175,熤琦,0,1
64232,璐晗,0,0
64239,子熠,0,1
64268,元元,0,1
64290,溪研,1,0
64308,泰越,1,1
64312,纪美,0,0
64354,韦雯,0,0
64365,芝敏,0,0
64368,蕴轩,0,0
64372,政安,1,1
64387,型弼,1,1
64389,维莉,0,0
64392,力粢,1,1
64412,菡希,0,0
64464,生年,1,1
64467,卫灵,1,1
64483,箬珊,0,0
64494,龙喆,1,1
64519,毕安,1,1
64549,和友,1,1
64562,顺天,1,1
64607,勃衡,1,1
64617,荣声,1,1
64624,莜茜,0,0
64632,委霖,1,1
64642,相辰,0,1
64656,岑抒,0,0
64662,胜铭,1,1
64696,青霜,1,0
64711,厚功,1,1
64716,少童,1,1
64740,砾曦,0,0
64796,济宁,1,1
64830,纹名,1,1
64832,一泰,1,1
64849,叶茗,0,0
64863,翕辩,1,1
64871,杨阳,1,1
64964,夕惜,0,0
64982,梓伊,0,0
64988,风花,0,0
64991,俐嫣,0,0
65000,峻希,1,1
65006,琳娥,0,0
65017,贵恒,1,1
65020,欣洲,1,1
65038,苡歆,0,0
65075,书金,1,1
65107,思欣,0,0
65109,王萁,0,0
65114,文汐,0,0
65116,永雪,0,0
65140,岳立,1,1
65168,椿萱,0,0
65179,雨思,0,0
65190,凤琼,0,0
65213,钇鑫,0,1
65234,宇蒙,0,1
65235,若堂,1,1
65240,纪飞,1,1
65256,桂祺,1,1
65261,玉猗,0,0
65267,环麒,1,1
65275,萌泽,0,0
65283,丘窈,0,0
65296,宜弦,1,0
65320,家状,1,1
65331,瑾梦,0,0
65345,鸾彬,0,1
65372,缯圹,0,0
65377,娉彤,0,0
65402,贻芳,0,0
65427,裕程,1,1
65450,炫宇,1,1
65466,晓金,0,1
65501,昭即,1,1
65519,诚粲,1,1
65523,怡姮,0,0
65525,甲彪,1,1
65543,琬鸯,0,0
65549,佳瑁,1,1
65552,黯逸,1,1
65563,铁炼,1,1
65578,颖彦,0,0
65586,勖,0,1
65587,宣希,0,0
65588,恩轩,0,1
65591,烽巍,1,1
65593,金志,1,1
65597,己寐,1,1
65605,宇飞,0,1
65636,房兴,1,1
65655,俞欣,1,0
65664,语丹,0,0
65685,景童,1,1
65702,龙泽,1,1
65710,祤婷,0,0
65727,嘉旭,1,1
65739,归龄,1,1
65762,眺眸,1,1
65766,珣,0,0
65774,玉程,1,1
65787,于欢,0,0
65790,一凯,1,1
65794,瑞娇,0,0
65821,皓秋,1,1
65833,歆雯,0,0
65834,尚焜,1,1
65842,巾伊,0,0
65847,雨璨,0,0
65861,巾谈,0,0
65864,聃蘅,1,1
65876,蓉萱,0,0
65883,瀵雅,0,0
65896,殷茹,0,0
65910,愉悦,0,0
65925,云宗,0,1
65943,少茵,0,0
65950,璐莲,0,0
65986,牮灌,0,0
65987,灵尘,1,0
66014,胝涵,1,0
66038,秋钰,0,0
66058,艳琬,0,0
66068,寅涵,0,1
66078,忆葸,0,1
66090,荣琪,1,0
66117,芯洁,0,0
66124,龙娜,0,0
66138,先霞,0,0
66141,东蕊,0,0
66151,烨阳,1,1
66182,荥烁,0,0
66207,沂鹏,1,1
66224,鸾骅,0,1
66251,无烦,1,1
66262,翼阳,1,1
66268,淙淙,1,1
66287,玲玉,0,0
66298,秀茹,0,0
66320,小友,1,1
66331,瑞科,1,1
66347,易然,1,1
66378,学苹,0,0
66401,成行,1,1
66433,奥琦,1,1
66455,友善,0,1
66476,敏思,0,0
66496,凡程,1,1
66565,智羽,1,1
66591,峰春,1,1
66631,若纭,0,0
66647,沛凡,1,1
66711,叶颍,0,0
66737,洛源,1,1
66739,蕃蕾,0,0
66741,宝童,1,1
66744,炅炅,1,1
66799,验番,1,1
66813,逸麟,1,1
66832,家兰,0,0
66844,佳殷,0,0
66848,号士,1,1
66851,乾罡,1,1
66878,川流,0,1
66886,舱刁,1,0
66909,玉钰,0,0
66912,贻元,1,1
66972,祖权,1,1
66979,倬雅,1,0
66985,海涛,0,1
67070,镇旭,1,1
67131,苞妩,0,0
67144,娜茱,0,0
67162,圣傲,1,1
67203,亦菲,0,0
67230,恩烁,0,1
67244,静溪,1,0
67262,文情,1,0
67279,琛钰,1,1
67281,文燕,0,0
67297,婉紫,0,0
67309,颐嘉,1,0
67327,祯如,1,0
67342,恋爱,0,0
67358,浩森,0,1
67360,卓琦,1,0
67384,赐儒,1,1
67397,云凰,0,0
67427,正昕,1,1
67433,令峰,1,1
67444,诚木,1,1
67448,梓淋,0,1
67467,豪键,1,1
67495,蒙毅,1,1
67553,沥曼,0,0
67557,跃涵,1,1
67562,芷依,0,0
67563,钺,0,1
67572,婷雪,0,0
67589,纪周,1,1
67606,榛言,1,1
67609,刁颡,0,0
67630,桂芝,1,0
67645,琪蕾,0,0
67681,东生,1,1
67688,姗真,0,0
67701,倩雯,0,0
67707,显箫,1,1
67720,朱烇,0,0
67727,凌浠,0,0
67728,识聪,1,1
67740,撤美,0,0
67788,橇克,1,1
67802,鼎雯,0,1
67810,晗郡,1,0
67816,覃心,1,0
67827,淼娉,0,0
67852,沁茹,0,0
67864,光廷,1,1
67871,成华,0,1
67911,星池,0,1
67940,施然,0,0
67944,泫雅,1,0
67946,冰旋,0,0
67947,俪株,0,0
67980,析泽,1,1
67985,纪渲,0,1
68007,伐泽,1,1
68029,滨乐,1,1
68092,紫茜,0,0
68099,梦云,0,0
68106,妯芙,0,0
68111,笑熙,1,1
68116,上钰,0,0
68119,嘉隽,0,1
68125,叶楠,0,0
68129,振武,1,1
68135,吉凌,0,1
68139,天博,1,1
68146,育桓,1,1
68157,昱贸,1,1
68166,严萍,0,0
68168,士之,1,1
68193,丁婧,0,0
68204,庆帆,1,1
68224,宇功,1,1
68227,正庭,1,1
68237,昕于,0,0
68243,凉峘,1,1
68256,润姿,0,0
68260,语诚,1,1
68343,晰上,0,1
68357,浩冥,1,1
68391,少春,1,1
68406,嘉畅,1,1
68446,晓岩,1,1
68463,凌菀,0,0
68502,昆那,0,1
68542,善文,0,1
68555,仕杰,1,1
68578,丽容,0,0
68608,瀛宇,1,1
68617,坝楠,0,0
68618,语琨,1,0
68619,凛华,0,1
68622,嵛博,0,1
68623,孝辉,1,1
68631,玉吉,0,1
68640,王莹,0,0
68689,卓威,1,1
68726,春卉,0,0
68772,玉坤,1,1
68813,忻妤,0,0
68886,熙淙,1,1
68900,枫力,1,1
68922,绪,1,1
68948,葆,1,1
68985,薇晗,0,0
69002,亚晴,0,0
69068,德赣,1,1
69092,雅匹,0,0
69119,东泉,1,1
69136,莘苗,0,0
69160,伟苗,0,1
69161,凡竣,1,1
69177,咏晨,1,1
69185,恋迭,0,0
69195,袁凡,1,1
69196,瑞姣,0,0
69206,住莹,0,0
69207,茱楠,0,0
69232,福建,1,1
69240,朐鹰,1,1
69255,喜杰,1,1
69283,皇轨,1,1
69290,誉汕,0,0
69299,碧虹,0,0
69303,淼献,1,1
69307,嫱蓓,0,0
69327,茂琳,0,1
69331,旭薇,0,0
69342,灏昕,0,1
69348,潍颍,0,0
69370,鹏栋,1,1
69375,玉馨,0,0
69420,彦灵,0,0
69465,维民,1,1
69472,金昭,1,1
69492,气体,1,1
69495,文仪,0,0
69516,丹贝,0,0
69528,泓弈,1,1
69543,君榕,1,0
69570,礼齐,1,1
69583,远亮,1,1
69618,肇邯,1,1
69638,书宸,1,1
69642,妙茹,0,0
69693,沛谊,0,1
69755,梓蓓,0,0
69781,钦,0,1
69817,博约,1,1
69825,韩雪,1,0
69944,坝某,0,0
69952,一歌,1,1
69964,烨卿,1,1
69967,沥悦,1,0
69971,皓童,0,1
70006,荐熙,1,0
70012,沩纲,1,1
70039,泓基,1,1
70055,寒凌,0,0
70065,渝佩,0,0
70080,倬茗,1,1
70096,鸿崧,1,1
70105,彧泽,1,1
70111,晟霖,1,1
70142,仪昊,1,1
70187,琢逻,1,1
70191,娅慰,0,0
70217,瑶多,1,0
70239,钒,0,1
70252,俊析,1,1
70273,琦侗,1,0
70276,俐嘉,0,0
70303,青玉,0,0
70313,剑宁,1,1
70332,佳璇,0,0
70334,梦燕,0,0
70342,切玦,1,1
70343,冬瑛,0,0
70348,柯岚,1,0
70349,语纯,1,0
70377,丁玎,1,1
70384,有蕊,0,0
70410,敖敦,1,1
70434,鸣秘,1,1
70442,舆若,1,0
70453,一凭,1,1
70472,銮乙,1,1
70498,火茵,0,0
70513,燕滨,1,1
70514,琳珍,0,0
70522,许彤,0,0
70526,颖洁,0,0
70552,焱凯,1,1
70584,褓舄,0,0
70645,文以,1,1
70657,思窈,0,0
70664,立贺,1,1
70672,杨柳,1,1
70677,毅繁,1,1
70706,靖贤,1,1
70710,馗,1,1
70735,蓝淑,0,0
70741,蓓窈,0,0
70754,澜太,1,1
70782,炅熙,1,1
70798,照燊,1,1
70806,彤蕴,0,0
70818,匀妍,0,0
70827,映念,1,0
70900,盛伊,1,1
70901,琳宇,0,0
70920,湛趵,0,1
70945,箐宁,0,0
70960,昕菡,0,0
70974,仲谋,1,1
70979,昌运,1,1
71016,嘉哲,0,1
71029,航滩,1,1
71030,腾达,1,1
71046,通静,1,1
71060,逍逸,1,1
71081,藩葶,0,0
71088,喋痧,0,0
71132,景仪,1,1
71133,字磐,1,1
71146,琦萍,0,0
71148,朝瑜,1,1
71149,宣存,1,1
71160,潍怡,0,0
71200,子凤,0,0
71227,梦秋,0,0
71268,苑瑛,0,0
71276,蕾甄,0,0
71300,筱棠,1,0
71305,宁徽,1,1
71319,昱唯,0,1
71360,暄汭,1,1
71365,玉艳,0,0
71384,科技,1,1
71405,龙堂,1,1
71411,处处,0,0
71419,爱足,1,1
71450,宥里,0,1
71483,便物,1,1
71518,乘昊,1,1
71531,姬婕,0,0
71588,殷滢,1,0
71648,锐杰,1,1
71661,玥泞,0,0
71674,蘩茹,0,0
71682,德艺,1,1
71689,米可,0,0
71690,搏嘉,1,1
71697,彦岚,0,0
71702,翌冼,1,1
71706,锌橪,0,1
71734,楠浩,1,1
71768,博野,1,1
71794,恩普,1,1
71807,善振,1,1
71809,铄曦,1,1
71810,程沐,1,1
71833,裕敏,1,1
71838,旭策,1,1
71860,翠玉,0,0
71876,光寅,1,1
71925,永璎,0,0
71973,佳奥,1,1
71983,名玥,1,0
72018,董辰,1,1
72026,泽银,1,1
72028,鹏裱,1,1
72068,福诚,1,1
72070,绪烨,1,1
72073,素娟,0,0
72085,希博,1,1
72118,滢坤,1,0
72134,华森,1,1
72152,克宇,1,1
72153,家如,0,0
72173,弘皓,1,1
72178,烨卉,0,0
72201,艾峰,1,1
72209,婕翁,0,0
72214,锦泳,1,1
72251,惠瑶,0,0
72276,五营,1,1
72338,娅寒,0,0
72349,禹同,1,1
72407,而冬,1,1
72416,鹿赣,1,1
72422,夕智,1,1
72471,婉萦,0,0
72476,力灿,1,1
72504,亭贝,0,0
72552,怡帆,1,0
72557,倍昊,1,1
72567,易木,1,1
72599,涵菡,0,0
72610,蔼馨,0,0
72645,银杏,0,0
72663,立瑶,0,0
72667,蝉箐,0,0
72693,开创,1,1
72704,昌博,1,1
72710,夏钧,1,1
72727,万泓,1,1
72748,从勋,1,1
72758,力鸿,1,1
72767,世浩,1,1
72782,梦义,0,1
72795,闰钊,1,1
72841,屿骁,0,1
72866,庆为,0,1
72886,楠葶,0,0
72923,汐玥,0,0
72958,春吉,1,1
72961,培宁,1,1
72967,倘墩,1,1
72977,友薇,0,0
72986,越然,0,1
72989,逸莼,1,0
73001,卓禧,0,0
73035,林蒙,0,0
73048,韵娜,0,0
73056,深明,1,1
73058,恒齐,1,1
73085,璞皇,1,1
73089,维然,1,1
73110,睿淑,0,0
73130,滢谕,1,0
73136,凡颂,1,1
73150,明谭,1,0
73174,玉姣,0,0
73179,铎玮,1,1
73186,生睿,0,1
73199,恬荥,0,0
73236,锦建,1,1
73265,培柱,1,1
73293,偲钰,1,0
73296,明沁,0,0
73307,俊维,1,1
73309,宛铟,0,0
73334,少丽,0,0
73351,曼之,0,0
73352,主席,1,1
73370,岩川,1,1
73388,启峰,1,1
73431,恺灵,1,1
73472,沛诗,1,0
73478,靖宇,1,1
73490,于蓝,0,0
73495,曾玲,0,0
73496,兴全,1,1
73499,滢铱,0,0
73513,家娜,0,0
73548,家运,1,1
73553,恩杭,1,1
73604,焉随,1,1
73620,文棋,1,1
73624,一羽,0,0
73667,祥淏,1,1
73717,晨蓉,0,0
73722,正维,0,1
73747,剑六,0,1
73753,瑘琴,0,0
73760,麒煊,1,1
73843,蕊端,0,0
73845,振勇,1,1
73896,爱梅,0,0
73914,于婴,0,0
73920,驿成,1,1
73940,彬烨,0,1
73963,稳柱,1,1
73965,雅天,0,0
73975,吉莲,0,0
73992,财呈,1,1
74044,进渊,1,1
74062,董均,1,1
74066,加宁,1,1
74076,奇航,1,1
74108,文隽,0,1
74111,茜一,0,0
74114,座其,1,1
74125,烁鸿,1,1
74177,利梅,0,0
74208,乖乖,1,0
74214,躏萦,1,0
74217,厉峰,1,1
74287,紫蕲,0,0
74315,紫棋,0,0
74335,王凌,1,0
74386,一罄,1,1
74400,丽林,0,0
74405,未欣,0,0
74512,缆懋,1,1
74516,月倪,0,0
74548,天泗,1,1
74562,寓贵,1,1
74563,正韬,1,1
74587,吉铎,1,1
74594,王桐,0,0
74614,仟钰,1,0
74671,恣琦,0,0
74672,义策,1,1
74690,团燚,1,1
74692,方茵,0,0
74693,少梦,1,0
74710,宽震,1,1
74711,博菘,1,1
74730,隽武,1,1
74734,泽乾,1,1
74761,姝榄,0,0
74781,鸾柠,1,1
74797,洲浠,1,1
74802,埠萦,0,0
74811,觉鸣,1,1
74817,空久,1,1
74839,一棉,1,0
74843,科诚,1,1
74869,胜男,0,1
74873,维焓,1,1
74877,梅芯,0,0
74974,科艳,0,0
74983,缜幡,1,0
75004,以典,1,1
75048,泓瑜,1,1
75085,黑峒,1,1
75111,如榕,1,0
75118,镔刁,1,1
75129,臻明,1,1
75180,沛泽,1,1
75204,安逸,0,1
75239,俐荭,0,0
75249,晴曼,0,0
75277,志群,1,1
75292,远利,0,1
75303,渝馨,0,0
75310,雨皓,0,1
75327,潍菡,0,0
75330,岑凤,0,0
75390,剑皇,1,1
75403,春意,0,1
75431,暖,1,0
75439,素芜,0,0
75443,汐旎,0,0
75481,蕴妤,0,0
75526,懿熙,0,0
75556,米,0,0
75568,清莠,0,0
75586,珂岚,0,0
75589,卜婵,0,0
75613,弈一,1,1
75671,翀阳,0,1
75689,槿琪,0,0
75713,显成,1,1
75762,任杰,1,1
75818,宏悦,1,0
75847,珊缨,0,0
75854,俣辰,0,1
75863,克芳,0,0
75868,夕千,0,0
75881,翼浩,1,1
75884,廷洋,1,1
75935,茂庆,1,1
75946,主明,0,1
75965,哲时,1,1
75966,宝佚,0,1
76045,欣柳,0,0
76068,汝莘,0,0
76078,婧七,0,0
76088,抱宇,1,1
76095,纪鹏,1,1
76114,贵荷,0,0
76144,宁翔,1,1
76166,鑫坤,1,1
76175,承焕,1,1
76185,阿木,1,1
76199,紫鳙,0,0
76210,慧瑾,0,0
76224,芳萌,0,0
76240,颖瑞,0,0
76243,泽和,0,1
76257,康之,1,1
76276,鹦玉,0,0
76292,易湘,0,1
76299,木雅,0,0
76300,菲茼,0,0
76319,惊旻,0,1
76329,祉吾,1,1
76343,岚庆,1,1
76442,偲玙,0,0
76443,云午,1,1
76447,芳溢,0,0
76456,德草,1,1
76460,辞舒,1,1
76482,提亮,0,1
76502,洁钰,0,0
76517,佩明,0,0
76519,志顾,1,1
76530,家志,1,1
76552,宝翠,0,0
76560,正宗,1,1
76566,昭澍,1,1
76567,仁义,1,1
76587,芝丞,1,1
76588,君鑫,0,1
76618,新晶,1,1
76625,灌雪,0,0
76637,颢伦,0,1
76646,鹊丹,0,0
76648,颍馨,0,0
76703,曾佼,1,1
76707,好多,0,1
76753,秋鹏,1,1
76755,冯鑫,1,1
76763,小柯,0,1
76775,美蒂,1,0
76795,舒靖,0,0
76801,补装,1,1
76832,亘云,1,1
76853,运超,1,1
76858,菁旎,0,0
76873,玺煜,0,1
76908,绵彤,0,0
76909,丹铴,0,0
76911,青芯,0,0
76925,傲雯,0,0
76935,业亮,1,1
76949,政豫,1,1
76953,甜洋,0,0
76957,益豪,1,1
76977,亚凤,0,0
77010,季涛,1,1
77017,孜菖,0,0
77086,子蒙,0,0
77087,濠菊,0,1
77098,涣泽,1,1
77158,琪文,0,0
77222,潍闺,0,0
77241,维亮,1,1
77269,乙篱,1,1
77274,云昀,1,0
77286,妲侄,0,0
77288,闺娓,0,0
77322,振楠,1,1
77345,案殒,1,1
77371,锋毅,1,1
77411,洛萱,0,0
77414,祖庆,1,1
77427,廖,1,0
77453,广泰,1,1
77497,晴莲,0,0
77499,明也,1,1
77528,懿思,0,0
77576,慕雷,1,1
77634,邵蕴,0,0
77650,爱娣,0,0
77671,希涵,0,0
77673,珠银,1,0
77691,如凡,0,0
77725,梓火,1,1
77755,琛玮,1,1
77769,杨臣,1,1
77789,涵虞,0,0
77799,闻静,1,0
77807,嘉讯,1,1
77865,瑾钰,0,0
77958,宪龙,1,1
77959,贺年,1,1
77962,欣颜,0,0
77965,雨奥,1,1
77966,祥,0,1
77995,弘烨,1,1
78005,小崟,0,1
78031,秋含,0,0
78072,熠城,1,1
78084,树庚,1,1
78091,佳禳,0,0
78097,音希,0,0
78106,铭默,1,1
78110,言号,1,1
78117,方兵,1,1
78139,玖玲,0,0
78145,家湘,0,1
78216,暄刊,1,1
78289,伟,0,1
78306,允兮,0,0
78354,寺拓,1,0
78387,禹潇,0,1
78412,葛轩,0,1
78470,鲸祎,1,1
78496,琳净,0,0
78548,一玥,0,0
78563,菁妤,0,0
78588,佑日,1,1
78591,敬熠,1,1
78593,萌子,0,0
78611,谨琰,0,0
78613,轩启,1,1
78614,登杰,1,1
78621,毅梓,1,1
78626,轩晟,1,1
78637,浚桀,1,1
78643,馒琴,0,0
78673,丁翠,0,0
78692,梓宣,1,1
78819,新玉,0,0
78822,亦妩,0,0
78857,寒伊,1,0
78858,文金,0,1
78886,文铣,1,1
78929,亿佳,0,1
78956,凯鹤,1,1
78988,冉佳,0,0
78990,祉彤,1,0
78996,蕴帆,0,0
79002,俞桐,0,0
79010,莲欣,0,0
79024,龚浴,1,1
79047,相瑾,1,0
79059,岩弼,1,1
79172,敏佳,0,0
79188,旻佚,1,1
79220,旺兴,1,1
79243,鸾土,1,1
79255,梓苹,0,0
79258,浈霖,1,1
79287,锶彤,0,0
79299,笑阳,0,1
79304,兆蕊,0,0
79354,忠鹏,1,1
79373,荣生,1,1
79380,泉冰,0,1
79393,栩皓,1,1
79407,可然,0,0
79441,曦琼,0,0
79445,明林,0,1
79476,桃娟,0,0
79479,崇薇,0,0
79558,芷田,1,0
79582,旭泽,1,1
79595,家霖,0,1
79618,莹静,0,0
79625,丽霞,0,0
79638,卓蔚,1,1
79668,雄宇,1,1
79682,梅罗,1,0
79692,舰瑭,1,1
79735,灵慧,0,0
79763,彬继,1,1
79784,雨峄,0,0
79785,冬祈,1,1
79796,是人,1,1
79801,华藏,1,1
79810,链馨,0,0
79824,鹤萱,0,0
79858,金科,1,1
79899,朝册,1,1
79931,知隆,1,1
79944,佩钰,0,0
79954,艺闻,1,0
79963,歆蔓,0,0
79979,璐涵,0,0
79985,印香,0,0
79992,昌景,1,1
80011,字路,1,1
80052,云炎,1,1
80068,业池,1,1
80106,云韶,0,0
80129,超海,1,1
80147,仲勤,0,1
80177,又邺,1,1
80215,江平,1,1
80217,理顺,1,1
80250,映旭,1,1
80251,宇盼,1,1
80268,云凌,0,0
80275,纹涵,0,0
80285,松波,1,1
80287,睿卉,0,0
80294,柄豪,1,1
80305,琬闵,0,0
80310,东东,0,1
80382,谊萱,0,0
80402,于歆,0,0
80426,炜祺,0,1
80440,鹏清,1,1
80441,堂焓,1,1
80460,蛟天,1,1
80503,芯次,0,0
80517,佳诚,0,1
80545,霍睿,1,0
80567,馨语,0,0
80601,志高,1,1
80603,祥颖,1,0
80609,小剜,0,0
80612,俊旋,1,1
80631,蔚丹,1,0
80638,厅硕,1,1
80701,宜嘉,0,1
80814,绾辰,0,0
80835,菀涔,0,0
80850,茜晨,0,0
80863,晓琴,0,0
80867,懿洋,1,1
80911,育江,1,1
80952,忻葶,0,0
80959,真珍,1,0
80975,军利,1,1
81038,秉心,0,1
81044,铭倩,0,0
81057,驿晰,1,1
81068,炜濠,1,1
81070,婕莹,0,0
81077,崇高,1,1
81082,星骅,1,1
81084,璐影,0,0
81110,烜仟,1,1
81116,哲娴,0,0
81119,言成,1,1
81128,倩姗,0,0
81183,文石,1,1
81272,宝迪,0,1
81287,佳磊,1,1
81293,煖珂,0,1
81298,嘉暌,1,0
81308,晓若,0,0
81318,权捷,1,1
81328,培圣,1,1
81332,七旖,0,0
81340,理兴,1,1
81358,玫嫱,0,0
81367,甲雷,1,1
81373,东球,1,1
81387,静璇,0,0
81388,振阳,0,1
81415,剑孺,1,1
81443,桐优,1,0
81447,永奇,1,1
81453,铸贤,1,1
81457,赛金,0,1
81459,纳荥,0,0
81465,埔浦,1,1
81479,灏宇,1,1
81483,琼禧,0,0
81502,溶煜,1,0
81534,学航,1,1
81543,永聍,0,1
81560,继夏,1,1
81587,蕥菲,0,0
81608,素云,1,0
81619,得玉,1,1
81622,茜琪,0,0
81650,心玫,0,0
81681,若珊,0,0
81684,珮榕,0,0
81697,洋滕,1,1
81702,耀犇,1,1
81712,妃薇,0,0
81745,恬舒,0,0
81760,羽懿,0,0
81765,会轩,1,1
81766,宁禹,1,1
81781,秀妗,0,0
81785,雨滨,0,1
81830,嘉薇,0,0
81842,栩淇,1,1
81843,星豪,1,1
81862,丽宇,0,0
81893,邵宏,0,1
81902,林嵩,1,1
81910,春浩,1,1
81912,纨闺,0,0
81931,滢燕,0,0
81957,皇量,1,1
81974,耀博,1,1
81998,媒琬,0,0
82066,中正,0,1
82085,兴继,1,1
82103,浩同,1,1
82105,致邺,1,1
82111,津督,1,1
82142,孟,1,1
82158,馥玮,1,0
82166,以聪,1,1
82172,鸿钊,1,1
82195,恩平,1,1
82220,凤珠,1,0
82221,问博,1,1
82222,家绘,1,1
82259,缆通,0,1
82284,才力,1,1
82301,苻珏,0,0
82327,承津,1,1
82334,北,1,1
82339,轲岚,1,0
82359,禹蕊,0,0
82387,常巧,0,0
82408,炜魏,0,1
82423,要更,1,1
82425,健择,1,1
82433,主惠,1,0
82452,娜嵋,0,0
82458,竹蝶,0,0
82483,彩珊,0,0
82521,治铭,1,1
82524,史旎,0,0
82526,婧窈,0,0
82565,女蔺,0,0
82570,炜钦,1,1
82585,滞格,0,0
82608,铎启,1,1
82617,昕艳,0,0
82621,牮苏,0,0
82625,嘉懿,0,0
82667,耀宇,1,1
82822,广灏,1,1
82833,晶茹,0,0
82846,含康,1,1
82859,峻宝,1,1
82868,辉扬,1,1
82873,汝珍,1,0
82875,传榜,1,1
82883,山锐,1,1
82907,佳颉,1,1
82911,诺韩,1,1
82930,臻妤,0,0
82941,歆虞,1,0
82988,联庚,1,1
82995,朱炫,0,1
83017,鹑茵,0,0
83055,青岳,1,1
83062,金红,0,0
83070,杏璎,0,0
83087,畏,1,1
83088,思立,1,1
83096,朔奔,1,1
83137,铧健,1,1
83150,成宝,0,1
83176,佰睿,0,1
83213,羡,0,0
83215,昌均,1,1
83220,茄茗,0,0
83241,重发,1,1
83268,平昌,1,1
83289,普元,1,1
83319,腾腾,1,1
83328,睿鑫,0,1
83334,诗泞,1,0
83336,选涛,1,1
83349,高逸,1,1
83368,庭昊,1,1
83395,芋投,1,1
83417,芸藻,0,0
83428,少苏,1,0
83441,琳儿,0,0
83445,化超,1,1
83531,唯雅,0,0
83554,铃珊,0,0
83581,梓蔚,1,1
83599,晖扬,1,1
83622,盛铭,1,1
83652,爱彬,1,1
83671,后儒,1,1
83682,健瑛,1,0
83686,家园,1,1
83705,芷琰,1,0
83770,涵絮,1,0
83805,漂水,1,1
83806,万芸,0,0
83828,邈钏,0,0
83831,蔚萱,1,0
83834,寒石,1,1
83889,语晞,0,0
83896,庐萦,0,0
83907,国优,1,1
83954,云光,1,1
83975,耀匀,0,1
83990,拟察,1,1
83995,之婧,0,0
84049,周泉,1,1
84066,人怡,0,0
84068,西宥,0,1
84070,铭珈,1,1
84126,原正,1,1
84146,飘霓,0,0
84154,蔡豪,1,1
84180,贸椎,1,1
84191,瑷琪,0,0
84192,标辉,1,1
84197,正琢,1,1
84258,毓彤,1,0
84278,丞相,1,1
84295,耀烨,0,1
84306,桧灵,0,0
84315,烨之,1,1
84317,檀壬,1,1
84324,云桦,0,1
84354,儒诚,1,1
84364,慧芯,0,0
84382,谨翰,0,1
84401,届赣,1,1
84407,少军,1,1
84435,曼岿,0,0
84477,倩溪,0,0
84482,凤成,1,1
84494,彩雅,0,0
84496,徐徐,1,1
84509,芸翔,1,1
84531,抒黛,0,0
84532,圣龙,1,1
84561,继虞,1,1
84575,韩娴,0,0
84601,茂鸣,1,1
84627,汶灵,1,0
84628,竞涛,1,1
84657,淑媛,0,0
84691,璐盈,0,0
84798,梓琪,0,0
84801,芹瑶,0,0
84818,梦潇,1,0
84832,昊琀,1,1
84836,跃霖,1,1
84838,春贤,1,1
84903,以婷,0,0
84905,双赋,1,1
84929,锴鸿,1,1
84959,宏洪,1,1
84987,利雯,0,0
84994,无病,1,1
85010,炎毅,1,1
85019,秋渝,1,0
85032,瑾萩,0,0
85040,远沣,1,1
85047,羽旭,1,1
85097,菡紫,0,0
85104,竭,1,0
85136,铴琵,0,0
85154,夕昕,0,0
85188,映和,1,1
85220,曰,0,1
85229,筠鎏,1,1
85238,鑫莹,0,0
85266,道林,1,1
85270,锦毅,1,1
85341,齐瑞,1,1
85356,虹海,1,0
85365,雅瑄,1,0
85379,跞黛,0,0
85402,丽芹,0,0
85441,立言,1,1
85461,华陶,1,1
85481,柒林,1,0
85491,忠闻,1,1
85507,凌凡,0,0
85516,忠能,1,1
85520,烨凯,1,1
85538,泽昊,0,1
85634,宣融,1,1
85641,禁士,1,1
85649,嘉游,1,1
85677,仝谐,1,1
85690,姗霓,0,0
85703,梅子,0,0
85709,选哲,1,1
85740,铠之,1,1
85742,意旋,0,1
85760,赵媛,0,0
85761,其奎,1,1
85820,春涓,1,0
85823,溢宏,1,1
85828,联春,1,1
85844,启湉,0,1
85850,汐妍,0,0
85859,竹芹,0,0
85882,欣窈,0,0
85898,宇庆,1,1
85908,苑彤,0,0
85914,晗琪,0,0
85937,新娴,0,0
85942,翊弦,1,1
85992,芷宜,1,0
85994,航源,1,1
86016,华轩,0,1
86039,煜春,0,1
86059,炳钧,1,1
86067,嵩为,1,1
86117,万鲁,1,1
86118,炎卉,0,0
86184,桦霖,1,1
86212,斯麒,1,1
86232,令红,0,1
86301,婧旃,0,0
86321,皈杏,0,0
86333,艺夕,0,0
86341,紫舒,0,0
86352,丁梦,0,0
86356,先辉,1,1
86372,加成,1,1
86378,跃宽,1,1
86386,首立,1,1
86389,芦颍,0,0
86410,樱玲,0,0
86412,倬俊,1,1
86438,霓鸯,0,0
86469,佳鸿,0,1
86476,懿葶,0,0
86554,宁晗,0,0
86565,一芦,0,0
86580,煜零,0,1
86637,卫宏,1,1
86642,媚京,0,0
86675,林康,1,1
86741,片幂,0,0
86762,敏语,0,0
86812,梦泞,1,0
86817,嘉熠,1,1
86820,涵喻,1,0
86882,千翔,1,1
86887,芸斌,1,1
86900,照辰,1,1
86930,二宝,1,1
86943,悦峰,1,1
86957,明欣,0,0
86985,方波,0,1
87004,业凤,1,1
87005,泊鸣,1,1
87025,肖然,1,0
87045,帝宽,1,1
87080,雪葶,0,0
87087,方践,1,1
87115,雨镅,0,0
87162,尔曼,0,0
87180,立括,1,1
87209,柏蘅,1,1
87223,鹦尾,1,0
87241,贝敏,0,0
87249,云傲,1,1
87275,一霁,1,0
87281,惟娅,0,0
87286,朵茗,0,0
87320,焱南,1,1
87351,月云,0,0
87359,翊栩,1,1
87374,少蔚,1,1
87380,智锐,1,1
87386,义焓,0,1
87402,崇东,1,1
87404,浩训,1,1
87471,昌辅,1,1
87517,孟涛,1,1
87541,婉舜,0,0
87587,熙磊,1,1
87590,秉珍,1,1
87662,建翌,1,1
87679,丽捐,1,0
87696,精璟,1,1
87698,缨玲,0,0
87726,行行,0,1
87728,元畅,1,1
87757,芮馨,0,0
87779,正琳,0,1
87801,衙获,1,1
87805,銮航,1,1
87839,小潍,0,1
87849,婉秋,0,0
87859,洳嫣,0,0
87878,泗谓,1,1
87894,海风,0,1
87917,历,0,1
87940,冰敬,1,1
87971,卓吟,1,1
87984,中银,1,1
87992,广芝,1,1
88000,津文,1,1
88004,恩溢,1,1
88042,秋雪,0,0
88043,起军,1,1
88059,殿森,1,1
88161,杏霓,0,0
88177,用发,1,1
88193,佟乐,0,1
88194,亮咛,1,1
88214,云震,1,1
88219,思茵,0,0
88221,雨柳,0,0
88274,芷纲,1,1
88275,兰梦,0,0
88276,菲羽,0,0
88311,萦娴,0,0
88344,译煦,1,1
88346,卓志,1,1
88349,俪诺,0,0
88351,桢浩,1,1
88399,向国,1,1
88476,鑫岩,1,1
88482,诤,1,1
88488,飞沉,1,1
88531,陌,1,1
88535,歆彦,0,0
88546,洛海,1,1
88593,恬旎,0,0
88598,腾升,1,1
88611,银梦,1,0
88617,元峰,1,1
88648,澄婕,0,0
88717,雨嘉,0,0
88719,梦静,0,0
88744,兰华,0,0
88745,赫介,1,1
88781,懿澄,0,1
88804,祈明,1,1
88823,镜晓,1,0
88874,莺惋,0,0
88877,弥,0,1
88886,勘穰,1,1
88922,辰系,0,1
88928,扬茗,1,1
88943,洋浩,1,1
88988,夕美,0,0
88989,宝传,1,1
88998,玲亿,0,0
89000,恋璎,0,0
89007,悟衔,1,1
89013,腾乙,1,1
89054,婧思,0,0
89075,荷,0,0
89076,轶诚,1,1
89100,海哲,1,1
89109,雅贞,0,0
89166,弼心,0,1
89186,思定,1,1
89244,罥煌,1,1
89289,琬琼,0,0
89293,欣燃,0,0
89325,寒厅,0,0
89380,林南,1,1
89381,桓亿,0,1
89447,羽轩,0,0
89455,欣兀,0,0
89471,琵窈,0,0
89489,冶砾,0,0
89517,登铬,1,1
89549,家届,1,1
89586,以衿,1,1
89609,鸿赟,1,1
89625,跞丹,1,0
89662,跃有,1,1
89668,莹磊,0,0
89672,柳耳,0,1
89714,凌蓝,0,0
89765,宛醍,0,0
89788,春增,1,1
89789,泊杨,1,1
89795,湃不,1,1
89852,芳婵,0,0
89854,莉琴,0,0
89873,运兰,0,0
89890,淑菡,0,0
89894,琬妃,0,0
89923,励歌,1,1
89924,扣扣,0,0
89956,丁腾,1,1
89961,粉妮,0,0
89976,蕾蕾,0,0
89990,静玟,0,0
89995,君华,0,1
90011,亿萱,1,0
90016,巍壹,1,1
90020,逻人,1,1
90065,君泊,1,1
90098,真仪,0,0
90102,云儿,0,0
90114,晓冰,0,0
90146,天凯,1,1
90171,娇燕,0,0
90177,可望,0,1
90198,金钗,1,1
90227,佳焱,0,1
90236,柔溪,0,0
90259,可枂,0,0
90280,梓垚,1,0
90281,夕影,1,0
90301,俊杰,0,1
90307,荡婴,0,0
90331,佬兢,0,1
90346,雪明,0,0
90355,妙媛,0,0
90405,晴昊,1,0
90423,祥涛,1,1
90428,豫子,1,1
90440,娜雅,0,0
90448,斯乔,0,1
90457,可璐,0,0
90469,丽勤,1,0
90481,秧阳,1,0
90484,澜芝,1,0
90500,鸥莹,0,0
90501,艾嘉,1,0
90529,俨又,1,1
90530,光灏,1,1
90546,怡乒,0,0
90588,盛浩,1,1
90625,凌淼,0,0
90635,煊婷,0,0
90652,岚觉,0,0
90680,志盈,1,1
90687,禹含,0,1
90690,鑫呈,1,1
90694,薇静,0,0
90718,奕珩,0,0
90723,富波,1,1
90724,莺淇,0,0
90737,陌子,0,1
90743,海阔,1,1
90750,轻炘,1,0
90763,惠煌,1,1
90786,令国,1,1
90835,箬笠,1,0
90860,麒达,1,1
90861,岩颛,1,1
90862,传胜,1,1
90887,亚征,1,1
90895,丽高,0,0
90910,品嫱,0,0
90913,宣缘,0,1
90949,木婷,0,0
90954,馨蕾,0,0
90956,佳娱,1,0
90991,书妤,0,0
91068,子青,0,1
91085,娥琪,0,0
91098,兴俪,0,0
91115,万忠,1,1
91197,诗谊,1,0
91207,意逊,1,1
91291,红采,0,0
91292,菲美,0,0
91294,蔓匀,0,0
91309,西京,1,1
91354,瀛拥,1,1
91382,宏春,1,1
91399,敏倩,0,0
91469,偲熙,0,0
91470,俐华,0,0
91495,鲁男,1,1
91496,幽贝,0,0
91571,茵子,0,0
91573,绍涵,1,1
91580,婉迪,0,0
91583,定六,1,1
91625,召东,1,1
91628,欣祺,1,0
91639,舍霖,1,1
91650,敖侈,1,1
91660,瑾渲,0,0
91668,淇啉,1,1
91669,泓辰,1,1
91674,楚濡,1,1
91676,纹希,1,0
91699,筱凝,0,0
91711,董逗,1,1
91713,宛菲,0,0
91733,秉铚,1,1
91767,钰城,1,1
91774,元伟,1,1
91831,茂臻,1,1
91915,璿焱,1,1
91954,豫徽,1,1
91956,垡,1,1
91969,琳靖,1,0
92001,钰程,1,1
92021,美妘,0,0
92032,喜轩,1,1
92066,霂妍,0,0
92078,秋旻,0,1
92099,燚藻,0,0
92103,宛娇,0,0
92137,貌,0,0
92158,梓浪,1,1
92168,雪鹅,1,0
92171,葶一,0,0
92172,铭诚,1,1
92205,仔濠,1,1
92242,高松,1,1
92244,利,0,1
92247,可懿,0,0
92249,鸿溪,1,1
92253,孝禹,1,1
92319,宛莹,0,0
92320,华恒,1,1
92335,振帅,1,1
92362,玉清,0,0
92363,晨然,0,0
92374,亚棋,1,1
92419,力可,1,1
92422,肖君,1,0
92435,改玲,0,0
92456,奇麟,1,1
92482,纵奂,1,1
92489,永摄,1,1
92500,典辉,1,1
92517,沁芙,0,0
92552,炫玥,1,0
92553,俊又,1,1
92573,娟缨,0,0
92584,源荟,1,1
92601,海亮,1,1
92627,华彬,1,1
92638,忠祺,1,1
92641,佘濠,0,1
92657,灿樑,1,1
92678,志其,1,1
92696,峡毫,1,1
92700,志祯,1,1
92742,岑荥,0,0
92767,明箫,1,1
92770,意尧,1,1
92799,轩聪,0,1
92801,字桐,1,1
92811,予多,1,1
92822,莘馨,0,0
92827,馨雪,0,0
92835,颐妍,0,0
92846,依琦,0,0
92858,蔚萍,0,0
92875,锶濠,1,1
92884,庭亚,1,1
92895,佳玄,1,1
92909,霞阗,0,0
92919,树勤,1,1
92933,连孟,1,1
92955,烁菀,0,0
93030,芝莹,0,0
93098,华北,1,1
93105,璐杰,0,0
93117,贻冰,1,0
93128,忠永,1,1
93176,世禹,1,1
93203,浩俊,1,1
93213,筠妍,0,0
93248,风轻,1,1
93268,耀翔,1,1
93283,今旭,1,1
93292,胤良,1,1
93313,兆忠,1,1
93352,含宇,1,1
93353,芃宇,1,1
93354,槿瞳,1,0
93378,萱艳,0,0
93380,蛟洋,1,1
93402,珞淋,0,0
93420,全嫱,0,0
93432,恩针,1,0
93509,淄楚,1,1
93552,成渝,1,1
93561,诺驰,1,1
93562,倩璐,0,0
93579,筬霖,1,1
93633,万蘅,1,1
93645,婷昱,0,0
93675,一可,0,0
93690,菡予,0,0
93727,津,0,1
93738,尚灿,1,1
93779,丁友,1,1
93780,巧,0,0
93784,变勇,1,1
93809,凉峥,1,1
93815,绾铎,1,1
93855,力雪,0,1
93891,智景,1,1
93912,萁舶,0,0
93961,灏正,1,1
93976,媛淯,0,0
93980,漉麟,1,1
94007,赢荻,0,0
94010,雅麒,0,1
94030,雯雪,0,0
94044,帽帮,1,1
94053,宜暄,1,1
94097,凌珺,0,0
94098,贵霖,1,1
94117,广铭,1,1
94160,紫以,0,0
94168,丁诩,0,0
94198,缆萍,0,0
94239,致铎,1,1
94252,骊平,0,1
94266,振琮,1,1
94275,扬灵,0,1
94281,思赟,1,1
94287,政昱,1,1
94288,欣佩,0,0
94294,亮明,1,1
94297,合宸,0,1
94301,叱镡,1,1
94312,柯礼,1,1
94316,汪亲,1,1
94347,柏芸,0,0
94371,杞淆,0,0
94411,承逸,1,1
94421,梦爱,0,0
94454,宝彤,0,0
94460,婧琨,0,0
94497,一璠,1,0
94521,绘尔,1,1
94569,盟榄,1,1
94573,喜峰,1,1
94574,琦娜,0,0
94576,自慷,1,1
94598,荷晞,0,0
94633,仕尧,0,1
94643,品艺,0,0
94652,哲曦,1,1
94722,龙骏,1,1
94724,沁钰,0,0
94739,周慰,1,1
94770,本睿,1,1
94834,祥睿,1,1
94862,謦晨,0,0
94880,竹言,0,0
94886,诗礼,1,0
94897,蕊如,0,0
94902,洛夷,1,1
94903,巾蝶,0,0
94940,大军,1,1
94949,枥人,0,0
94950,裔晨,0,1
94957,荣萍,0,0
94977,笫佳,0,0
94984,国基,1,1
94992,泽垚,1,1
95002,倬献,1,1
95020,睿宫,1,0
95033,桠羿,1,1
95038,昊吉,1,1
95044,润坤,1,1
95093,坚敏,0,1
95107,憬菲,0,0
95199,馥应,0,0
95223,沐若,0,0
95239,眄弋,0,0
95264,麓菲,0,1
95269,杏宛,0,0
95270,榴娟,0,0
95277,春安,0,1
95314,水中,1,1
95341,张军,1,1
95443,思兰,0,0
95501,君灼,1,1
95522,婉钰,0,0
95533,换彩,0,0
95539,嘉蕙,0,0
95556,洁丹,0,0
95568,贞姝,0,0
95580,珏念,0,0
95612,鹦濂,1,1
95628,俪裳,0,0
95635,岸慕,1,1
95739,继伟,1,1
95751,绪龙,1,1
95770,柜牛,1,1
95777,阿贝,1,0
95794,玥颖,0,0
95808,曦侗,0,0
95886,旻曜,1,1
95891,甜嫣,0,0
95938,云裳,0,0
95942,梓昱,0,1
95952,沂玥,0,0
95963,家萱,0,0
96027,俪心,0,0
96042,梓坤,1,1
96051,茜桐,0,0
96065,晔青,1,1
96077,季阳,1,1
96082,宝臻,1,1
96089,妙希,0,0
96111,将霖,1,1
96120,銮旭,1,1
96121,熙羡,0,0
96139,江潮,1,1
96145,绍君,1,1
96172,卓勋,1,1
96205,书潮,1,1
96241,启昊,1,1
96258,柏泠,1,1
96260,晋程,1,1
96264,浩锡,1,1
96284,凝紫,0,0
96286,镰城,1,1
96326,兰容,0,0
96342,觐,1,1
96367,尔丹,0,0
96407,宸雪,0,0
96421,洪海,1,1
96438,百荷,0,0
96449,梓悠,1,0
96454,雪仪,0,0
96473,晨孝,1,1
96488,子羽,0,0
96493,傲瑾,1,0
96504,保峰,1,1
96534,一畜,1,0
96545,有航,1,1
96575,静琳,0,0
96583,烁寰,1,1
96587,宠砾,1,0
96639,智瀚,1,1
96651,韦轩,1,1
96663,梅睿,0,0
96694,昊焜,1,1
96704,壬呈,1,1
96724,馨元,0,0
96729,德泓,1,1
96757,中胜,1,1
96779,连伍,1,1
96817,士答,1,1
96820,诚涓,1,1
96834,世钊,1,1
96838,裕航,1,1
96839,家琳,0,0
96854,俊森,1,1
96862,婧艳,0,0
96918,亚茜,0,0
96923,洪治,0,1
96940,千敬,0,1
96951,铭菲,0,0
96967,雯博,1,1
96991,泓磊,1,1
97000,熠续,1,1
97003,胜钟,1,1
97004,炘莹,0,0
97007,珂卿,0,1
97034,博铠,1,1
97106,浡峤,1,1
97151,鑫婷,0,0
97156,姐函,0,0
97164,开秩,1,1
97213,敬檬,1,1
97219,寓芮,0,0
97227,聪民,1,1
97236,凝然,0,0
97275,小艳,0,0
97326,璐忆,0,0
97337,灵双,0,0
97387,照娟,0,0
97481,计媚,0,0
97498,萱篮,0,0
97535,秀艺,0,0
97543,贝莉,0,0
97610,嚜一,1,1
97626,翼萱,0,0
97670,己彩,0,1
97692,滢颍,0,0
97704,艺瑄,1,0
97713,弘缘,1,1
97723,萱栩,0,0
97729,翘缘,1,1
97732,蘩二,0,0
97754,孝笑,1,1
97779,勋耀,1,1
97809,郑双,1,1
97830,钥既,0,1
97849,甄源,1,1
97878,梓浚,1,1
97889,红菊,0,0
97906,坜,1,1
97968,榆玲,0,0
97987,尚芝,0,0
97999,戴,1,0
98030,昌领,1,1
98042,子熙,0,0
98052,小闯,1,1
98068,丝微,0,0
98078,子遽,0,0
98086,源发,0,1
98116,成高,1,1
98122,天涯,1,1
98130,予斐,0,1
98150,振强,1,1
98185,诩曼,0,0
98216,松超,1,1
98246,政亦,1,1
98254,茵薇,0,0
98281,听萱,0,0
98346,洢如,0,0
98351,一穰,0,0
98391,同仁,1,1
98393,傜峒,1,0
98399,译漳,1,1
98422,樟霈,1,1
98495,铭韩,1,1
98532,载浩,1,1
98582,晶童,0,0
98645,广会,1,1
98650,巾葶,0,0
98656,珏如,0,0
98660,晴月,0,0
98667,翊洁,1,0
98678,义川,1,1
98682,袁腾,1,1
98706,君文,0,1
98722,祥月,0,1
98725,俪秦,0,0
98748,狱王,1,0
98757,婉如,0,0
98763,严轰,1,1
98783,烨琛,1,1
98797,欣荧,1,0
98802,月凌,0,0
98812,勃勋,1,1
98847,姒凰,0,0
98867,镱逝,0,0
98872,应群,1,1
98886,琦荣,0,0
98918,继丰,1,1
98931,卫芬,0,0
98951,广剡,1,1
98979,乙力,0,1
99007,贱平,1,1
99013,天悦,0,0
99025,彦芬,0,0
99048,言珺,1,1
99081,奕浚,1,1
99092,一菸,0,0
99118,宿琴,0,0
99120,树臣,1,1
99146,梓隽,1,1
99174,永纯,0,1
99206,翱丹,1,0
99221,濠逊,1,1
99309,滨薇,0,0
99316,欣闱,0,0
99332,雯婕,0,0
99346,念馨,0,0
99368,沛庭,1,1
99397,亦鑫,0,1
99434,娴蕙,0,0
99487,海宜,1,1
99493,景溪,1,1
99495,戆羿,1,1
99525,郭英,0,0
99529,佩宾,1,1
99611,基摹,1,1
99618,德俊,1,1
99627,鼎朝,1,1
99638,鄂娟,0,0
99651,麦化,0,1
99687,东山,1,1
99690,笑翠,0,0
99708,妃镶,0,0
99711,义淼,1,1
99735,文莱,1,1
99758,鲸壬,1,1
99778,益森,1,1
99791,敦溱,1,1
99809,玉丽,0,0
99824,重佳,0,1
99836,桂子,1,1
99859,宸帆,1,1
99882,佳水,1,0
99893,孟东,1,1
99897,璐夕,0,0
99899,琬凝,0,0
99910,辛雨,0,0
99938,懿琦,0,0
99959,杉,0,1
99985,瑞龄,1,0
99994,奥航,1,1
100024,幸涵,0,0
100059,漩鑫,0,1
100068,晓炼,1,1
100121,豆厅,0,0
100133,晏朵,0,0
100167,嘉夫,1,1
100196,御译,1,1
100282,鼎泓,1,1
100288,姌,0,0
100306,赐檀,1,1
100312,荥奚,0,0
100372,紫旋,0,0
100392,逻谆,1,1
100412,欣喻,0,0
100413,犍玮,1,1
100418,启勇,1,1
100429,禧而,0,0
100432,义洪,1,1
100460,海蒙,1,1
100472,培龙,1,1
100479,堇缆,0,0
100486,栋亮,1,1
100491,超善,1,1
100492,梓铭,0,1
100511,姬竺,0,0
100542,荔禳,0,0
100558,况浠,0,0
100568,欣娴,0,0
100591,煊哲,1,1
100658,诗蕊,0,0
100670,媛丹,0,0
100723,成鸣,1,1
100762,舒悦,0,0
100777,立立,1,1
100791,笑呈,1,1
100792,光赫,1,1
100820,霖琪,1,1
100854,贝凌,0,0
100879,永华,1,1
100904,炎琦,1,1
100906,今灿,0,1
100929,萌里,1,0
100934,充诰,1,1
100964,哉焱,1,1
101025,运芳,0,0
101041,美子,0,0
101104,茂景,1,1
101129,烜颢,1,1
101135,婉悦,0,0
101139,伟翀,1,1
101146,蕊泽,0,0
101210,歆玥,0,0
101212,庆康,1,1
101222,梓酴,1,0
101237,泽耀,1,1
101285,京汉,1,1
101399,香秀,0,0
101414,锦凡,0,0
101462,紫芝,0,0
101468,子之,0,1
101470,钰媚,0,0
101484,雅蒙,1,0
101512,止限,1,1
101560,商伊,1,0
101563,定镝,1,1
101588,振珺,1,1
101599,诤宇,1,1
101610,船皓,1,1
101629,鳞亭,0,0
101634,瑾逸,0,0
101635,观心,1,1
101681,义昊,1,1
101689,亦妤,0,0
101690,璵涵,1,0
101710,玉梵,1,1
101727,志光,1,1
101734,岽鹉,1,1
101735,读熠,1,1
101754,学欣,1,1
101761,晗露,0,0
101776,颢涛,1,1
101826,津旺,1,1
101847,涵姝,0,0
101852,焮淇,0,0
101872,鹏惠,1,1
101873,正罡,1,1
101888,子容,1,1
101906,馨琼,0,0
101919,仁翊,0,1
101948,梓芸,0,0
101981,焯辉,1,1
101985,博化,1,1
101989,尤茑,0,0
102020,正梁,1,1
102064,峰林,1,1
102086,柳歆,1,0
102103,沁逸,0,0
102198,杏嵘,0,0
102206,晓滢,0,0
102212,仔敏,0,1
102248,卿爵,1,1
102256,梓菊,0,0
102271,珘祉,0,1
102282,高智,1,1
102305,荃,1,1
102332,灵薇,0,0
102352,文张,1,1
102355,圃赫,1,1
102399,大玉,0,1
102402,珍希,1,0
102408,斯鸣,1,1
102415,琳雨,0,0
102421,库克,1,1
102452,贝兮,0,0
102460,益在,1,1
102462,元婷,0,0
102481,湘右,1,1
102497,佳咪,1,0
102498,君晓,0,0
102530,锐凯,1,1
102536,山阴,0,1
102553,纪昶,1,1
102595,玉喆,1,1
102608,明儒,1,1
102618,笙,1,1
102637,勇莉,0,0
102645,姗洁,0,0
102665,钧变,1,1
102676,枞锟,1,1
102696,祎祎,0,0
102721,啸媛,0,0
102723,竹艳,0,0
102731,稚蕊,0,0
102743,婷秋,0,0
102767,维奇,1,1
102784,茗逸,0,0
102789,富峰,1,1
102790,茂元,1,1
102807,劲风,1,1
102824,惜宸,1,1
102827,涵岗,1,1
102843,邦婕,0,0
102867,佳晔,1,1
102876,岑璎,0,0
102882,夕四,0,0
102884,御君,1,1
102921,贵荧,1,1
102939,奕玲,0,0
102960,鐾菲,0,0
102981,晓扣,1,0
103023,臻伊,0,0
103028,韵森,1,1
103051,绎新,1,1
103061,浩臣,1,1
103099,佩梦,0,0
103103,祎菲,0,0
103133,厮敏,0,0
103155,卜源,1,1
103188,竢峻,1,1
103206,谨叶,0,0
103221,多晴,0,0
103228,辂宛,0,0
103234,薇亭,0,0
103270,馨淇,0,0
103279,蓝溪,0,0
103303,宇通,1,1
103313,霖飞,1,1
103332,慕白,1,1
103340,子鹤,1,1
103357,蕙菱,0,0
103361,泊财,1,1
103378,泺伶,0,0
103405,力火,1,1
103429,雨丸,0,0
103431,莆昆,1,1
103434,镶虏,1,0
103453,德茂,1,1
103525,宸逞,1,1
103528,艺媛,0,0
103628,仁术,1,1
103641,保琴,0,0
103667,才名,1,1
103674,尹凡,0,0
103679,晟诺,1,1
103683,秉文,0,1
103697,彤霏,0,0
103719,瑞莎,0,0
103798,沨茗,0,0
103800,星皓,1,1
103834,棕志,1,1
103933,娜茜,0,0
103954,远容,1,1
103969,兆渲,1,1
103973,美爱,0,0
103986,释必,1,1
103999,纪云,1,1
104002,哲灏,1,1
104110,建有,1,1
104180,银骏,1,1
104199,笑薇,0,0
104205,荻秦,0,0
104235,凌妍,0,0
104254,冠俊,1,1
104257,津怡,0,0
104260,昕畅,1,0
104301,之龙,1,1
104343,绊终,1,0
104394,宇甜,0,0
104400,胜仁,1,1
104405,雨謦,0,0
104413,与进,1,1
104414,湛淳,1,1
104429,奁腊,1,1
104435,陈玺,1,1
104489,舒阁,0,1
104494,晞颜,0,0
104545,熹诺,0,0
104558,翊焮,0,1
104562,永晴,0,0
104579,千柔,0,0
104626,淼臻,1,1
104630,明兵,1,1
104644,慧侠,0,0
104646,晶深,1,1
104668,玉夫,1,1
104703,岗淞,1,1
104704,祺鑫,1,1
104732,百锐,1,1
104760,筹下,0,0
104824,皓熙,1,1
104839,庭刚,1,1
104863,浩甠,0,1
104898,嘉盛,1,1
104907,洁讳,0,0
104929,囝泽,1,0
104940,锰衣,1,0
104952,启芹,0,0
104953,庭玫,0,0
104958,之晗,1,1
104961,源睿,1,1
104967,竞沂,1,1
104968,筠茹,0,0
104992,籽姚,0,0
105003,昱知,1,1
105005,芓文,1,0
105009,月竹,0,0
105011,湍铸,1,1
105097,庸浩,1,1
105120,明远,0,1
105122,纯钰,0,0
105131,漪圩,0,1
105142,淑溪,1,0
105145,欣宇,0,0
105164,新士,1,1
105169,翼淼,1,1
105187,祺丰,1,1
105205,闻柔,0,0
105296,世镇,1,1
105347,沛姗,0,0
105415,冉清,1,0
105421,馨妮,0,0
105426,晶艿,0,0
105427,粤龄,0,1
105436,豫川,1,1
105447,汝龙,1,1
105467,云珊,0,0
105479,佳儒,0,1
105513,翰祥,1,1
105576,皤畿,0,0
105633,方权,1,1
105646,金温,1,1
105662,玥诅,1,0
105684,秋平,0,0
105699,刘意,1,1
105716,娅梅,0,0
105730,洪德,1,1
105731,云烨,0,1
105732,丕全,1,1
105734,照远,1,1
105764,俊芬,0,0
105771,雨焱,1,1
105774,晨琪,0,0
105796,璟媛,0,0
105808,亟汛,1,1
105818,有莹,0,0
105846,琴轩,0,0
105856,舒彤,0,0
105886,骁彤,1,0
105908,华侨,1,1
105931,巾蕖,0,0
105975,志杰,1,1
105982,渊杰,1,1
105987,培逸,1,1
105992,庆威,1,1
106006,草深,0,1
106121,理达,1,1
106125,世谦,1,1
106130,富熠,1,1
106135,驿江,0,1
106199,夕倩,0,0
106233,屽汉,1,1
106253,语芸,0,0
106297,逢雪,1,0
106325,贸中,1,1
106327,万春,1,1
106372,转转,1,1
106405,雨汐,0,0
106429,越垚,0,1
106438,闰熙,0,1
106452,孜垚,0,0
106456,鼎,0,1
106457,熠星,1,1
106500,示晗,1,1
106512,德瑾,1,1
106525,塬林,1,1
106538,雯靓,0,0
106547,释譞,1,1
106566,块涵,1,0
106567,睿东,1,1
106583,王锴,1,1
106610,博渊,1,1
106627,枫吾,1,1
106634,舶菡,1,0
106675,拉丰,1,1
106685,婈易,0,1
106693,屹悠,1,1
106698,启轩,1,1
106707,冉仪,0,0
106754,小扬,0,1
106755,灵毓,0,0
106774,莉姿,0,0
106821,佳瑶,0,0
106822,了合,1,1
106855,蓉贞,0,0
106935,旭恒,1,1
106974,安威,1,1
107019,袁赫,1,1
107033,德庆,1,1
107040,黎雪,0,0
107048,俞翎,1,0
107070,妙如,0,0
107123,明线,0,1
107184,浩祖,1,1
107190,桂亿,1,1
107223,楚贤,0,1
107238,文壤,1,1
107242,瑶仪,0,0
107251,苗烜,1,1
107254,宛彘,0,0
107261,悠娴,0,0
107330,崇鑫,1,1
107360,慧妮,0,0
107368,映翔,1,1
107374,于嵃,1,1
107402,欢玳,1,0
107515,俸源,1,1
107537,钰骏,1,1
107552,沛纶,1,1
107560,雯珊,0,0
107607,毅玮,1,1
107640,连杰,1,1
107693,小鸟,0,1
107719,蕃萁,0,0
107742,梓业,0,1
107759,承安,1,1
107798,宜厶,1,0
107877,岫昙,0,0
107884,熙冲,1,1
107885,采韦,1,1
107904,思佟,1,1
107967,传康,1,1
108008,静凤,0,0
108013,一恒,1,1
108038,品容,1,1
108047,齐顺,1,1
108055,静蘩,0,0
108065,烨聪,1,1
108117,洪山,1,1
108170,累鹏,1,1
108174,盛泽,1,1
108179,钦凯,1,1
108193,晟星,1,1
108223,谨坤,1,0
108242,丹莹,0,0
108291,瑷彤,1,0
108306,莠喋,0,0
108345,菡笑,0,0
108396,庆莹,0,0
108400,国芝,0,1
108415,秋乐,0,0
108454,芮瑶,0,0
108472,焓韬,1,1
108496,琦潼,1,0
108503,天泽,1,1
108516,袁宁,1,1
108536,淼雨,0,0
108567,昕荟,0,0
108576,木言,1,1
108579,怡溱,0,0
108608,韦颖,0,0
108617,剑影,1,1
108621,霞馨,0,0
108622,中立,1,1
108649,书书,1,0
108703,忻宜,0,0
108714,德诚,1,1
108762,芯一,0,0
108790,玘裳,0,0
108793,冠澧,1,1
108823,秀珠,1,0
108832,照凤,1,0
108845,焕发,1,1
108908,逸辉,0,1
108938,紫越,0,0
108970,镒变,1,1
109008,郢,1,0
109024,亚基,1,1
109028,意曦,0,0
109115,舒钰,0,0
109149,颢骞,1,1
109176,德,0,1
109179,书生,0,1
109214,艺廷,0,1
109219,林默,0,1
109246,风荷,0,0
109253,永坚,1,1
109290,海榕,0,1
109324,金典,1,1
109345,紫晗,0,0
109363,康芷,0,1
109381,瑞昌,1,1
109419,翊呈,1,1
109444,承伟,1,1
109460,燚姿,0,0
109470,龙汐,1,1
109541,敏皓,1,1
109545,瀚腾,1,1
109571,嘉珂,1,1
109576,馥缆,0,0
109580,宛怡,0,0
109618,佳穆,1,0
109623,子翕,0,1
109634,炫明,1,1
109694,荣妍,0,0
109703,宇庆,0,1
109717,硕平,1,1
109721,印舒,0,0
109739,俊行,1,1
109758,荔嵋,0,0
109759,文洪,1,1
109778,臻珽,1,1
109814,秀存,0,0
109847,闵雨,0,0
109854,予晗,1,0
109925,麦豪,1,1
109944,滢斋,0,0
109991,仰,1,1
110038,榇克,1,1
110076,开连,1,1
110132,诺妤,0,0
110138,嘉楠,0,0
110152,喃喃,0,1
110185,霞姝,0,0
110197,迎琦,0,0
110223,豆蔻,0,0
110231,炎月,1,0
110263,正诗,0,1
110264,路宁,0,0
110291,昕榆,0,0
110299,月鸢,0,0
110310,德怀,1,1
110321,左,0,0
110361,惟茜,0,0
110364,森韬,1,1
110407,言文,1,1
110442,丹菲,0,0
110444,启鸣,1,1
110493,一骁,1,0
110509,小箐,0,0
110517,忠传,1,1
110538,雁茹,0,0
110549,娓旎,0,0
110555,语桁,0,0
110574,仅竺,0,0
110577,璎芸,0,0
110583,斐然,1,0
110594,翠平,1,0
110608,欣沂,0,0
110615,丹妮,0,0
110616,乔波,1,1
110621,霄鸿,1,1
110651,琦彤,0,0
110652,且安,1,1
110659,星寒,1,1
110678,僮一,1,0
110679,若若,0,0
110715,沂谘,1,1
110719,书辉,1,1
110724,霖住,1,1
110735,廷凤,0,1
110741,梓康,1,1
110802,明可,0,1
110816,益邦,1,1
110827,以梦,0,0
110835,奕馨,0,0
110853,章迦,1,1
110890,印,0,1
110914,萱诺,0,0
110925,乙矶,1,1
110931,芮甜,0,0
110937,令雯,0,0
110942,艺霖,0,1
110980,正亮,1,1
111018,欢铭,1,1
111025,令换,0,1
111045,煊恒,1,1
111071,启帆,1,1
111076,俊暄,1,1
111101,薇湄,0,0
111116,慧君,0,0
111130,国祯,1,1
111178,棋程,1,1
111194,搡笆,0,0
111239,远光,1,1
111272,尹山,1,1
111322,亿童,0,1
111326,忆欣,0,0
111336,伟萍,0,0
111342,乾贤,1,1
111356,苏培,0,1
111425,昊杰,1,1
111441,郁媛,0,0
111444,鸿源,1,1
111460,敦华,1,1
111499,焘蕊,0,0
111544,张焱,1,1
111549,八一,1,0
111550,曾邵,1,1
111561,惠婕,0,0
111572,完瞬,1,1
111584,柏杨,0,1
111592,少凉,1,1
111599,芮兮,0,0
111618,笑搏,1,1
111636,颖竺,0,0
111664,倩,0,0
111667,耿湮,0,1
111671,锈璇,0,0
111673,昭岑,0,0
111674,华强,1,1
111685,欢悦,0,0
111688,六七,1,0
111712,弦昔,0,0
111720,道邦,1,1
111749,诚俊,1,1
111781,泽昌,1,1
111815,俏侥,0,0
111824,硕然,0,1
111897,以乔,0,1
111913,骘赵,0,0
111929,坤洪,1,1
111940,仁然,0,1
111945,虹全,1,1
111999,嵩加,0,1
112012,瑟骧,1,1
112033,浩垣,1,1
112036,黄烨,1,1
112053,鸣声,1,1
112094,宣屹,1,1
112108,枭卓,1,1
112112,朗希,1,1
112115,思圆,0,0
112118,幸圻,0,0
112119,梓清,0,0
112125,瀚煊,1,1
112150,维娟,0,0
112178,净汶,1,0
112197,小酚,1,0
112198,雄伟,1,1
112209,廷婕,0,0
112245,芳逸,0,0
112246,弛航,1,1
112251,榇溪,1,0
112294,至寒,1,1
112311,方赛,1,1
112345,永海,1,1
112363,虹勋,1,1
112397,韵亦,0,0
112493,乐菡,0,0
112505,珂莹,1,0
112558,宋萱,0,0
112576,鄙宇,1,1
112581,周茜,0,0
112620,风润,1,1
112630,育瑛,0,0
112636,桂宏,1,1
112642,楷晨,1,1
112659,怡廷,1,0
112663,烷棕,1,1
112668,蕊莺,0,0
112708,絮菲,0,0
112737,成先,1,1
112740,升源,1,1
112750,彬莹,0,0
112774,宫亮,1,1
112775,薇涵,0,0
112776,裕泽,1,1
112779,嘉源,0,1
112805,宝焱,1,1
112820,潍瀚,1,1
112829,鹏慧,1,1
112937,玢誉,1,1
112974,垚文,1,1
112985,鳗蕾,0,0
113038,莠巧,0,0
113082,岐睿,0,1
113136,咪,0,0
113145,莲叶,0,0
113169,允彤,0,0
113197,栩廷,1,1
113199,任森,1,1
113213,凡信,1,1
113262,德峰,1,1
113276,季渲,0,1
113283,家俪,0,0
113334,宥菲,0,0
113365,紫萤,0,0
113388,化彬,1,1
113431,语决,0,1
113432,土生,1,1
113436,蔓杉,0,0
113485,浩渤,1,1
113511,昶听,1,1
113516,钥夕,0,0
113527,琶浅,0,0
113550,益安,1,1
113553,彬瑞,1,1
113574,宗军,1,1
113591,泊亦,1,1
113614,宣睿,1,1
113649,烨埂,1,1
113688,重露,1,1
113703,醒琪,0,1
113710,洛聪,1,1
113735,和牟,0,1
113739,洪玲,0,0
113753,惠嘉,0,0
113778,家熙,0,1
113793,小舜,0,0
113797,芃霏,1,0
113812,骁恬,1,0
113827,临矗,1,1
113846,翊姮,0,1
113900,轩魄,1,1
113958,念夕,1,0
113988,陈谕,1,1
113992,昌妍,0,0
113994,芷歆,1,0
113998,汶珺,1,0
114002,创军,1,1
114021,秀梅,0,0
114039,逾迪,1,1
114142,烯言,1,1
114146,文钊,1,1
114155,锡梅,0,0
114172,钰瀚,0,1
114182,询揎,0,0
114185,寒钰,1,0
114222,敬鑫,1,1
114260,瑞沅,1,1
114261,福瑶,0,0
114266,方和,1,1
114278,燕巢,0,0
114292,佩琰,1,0
114298,恒贵,1,1
114346,睿焜,1,1
114382,广得,1,1
114447,夏圆,0,1
114465,姣瑜,0,0
114468,文漪,0,1
114478,杨芬,0,0
114518,凌寒,0,0
114542,灵依,0,0
114548,谊聪,0,1
114564,丞旭,1,1
114566,冒臣,1,1
114574,世祖,1,1
114584,奕锐,0,1
114590,丰翎,1,1
114635,可婕,0,0
114644,缆稷,0,0
114673,方尧,0,1
114681,风杰,1,1
114686,熙灵,0,0
114689,沛瑜,1,0
114693,映珠,0,0
114723,向滟,0,0
114772,又煌,1,1
114809,时翌,1,1
114866,信凯,1,1
114870,宏来,1,1
114874,航巨,1,1
114876,恺锐,1,1
114915,杨柯,1,1
114939,笑南,1,1
114948,芝婧,0,0
114993,淑玥,0,0
115055,莺文,0,0
115070,穆暮,0,0
115075,宇雳,1,1
115087,桌郗,1,0
115090,舒飞,1,1
115114,瑆宇,1,1
115117,文晰,1,1
115118,希萌,0,0
115153,晨亮,1,1
115158,敏晴,0,0
115167,宇欣,0,0
115181,虹子,0,0
115190,广源,0,1
115195,紫蓝,0,0
115208,召楠,1,1
115211,在靓,0,0
115214,未亮,1,1
115220,献元,1,1
115257,轩煜,0,1
115275,喜琳,1,0
115277,楚昀,1,1
115288,析曦,1,1
115293,晋伟,1,1
115298,蓓笫,0,0
115301,湖圣,1,1
115312,珺宸,1,1
115338,吉恒,1,1
115363,甲龙,1,1
115427,匝碌,0,0
115465,雅生,1,1
115554,乾清,1,1
115557,在,1,1
115599,少天,1,1
115614,杰林,0,1
115629,立凤,1,1
115632,鹑甫,1,1
115644,智治,1,1
115681,恩摇,0,0
115705,加容,1,1
115715,杨睫,1,1
115729,芊思,0,0
115736,力葆,1,1
115738,燕梁,1,1
115787,婉嫣,0,0
115790,轶周,0,1
115802,筠砧,1,1
115803,钦涛,1,1
115821,书源,0,1
115855,勤民,1,1
115861,宁铎,1,1
115862,峻源,1,1
115876,蓝骀,0,0
115881,雨和,0,1
115882,少扬,1,1
115891,和华,1,1
115908,诗倘,0,0
115917,恩娇,0,0
115928,乐郡,1,1
115954,昙怡,0,0
115966,林静,0,0
115968,粱琦,1,0
115969,龙琦,1,1
115970,眧臣,1,1
115980,泓力,1,1
116001,淅梦,0,0
116021,宏旻,0,1
116036,倩琇,0,0
116059,戈爻,1,1
116104,鹤彦,1,1
116137,嘉佟,1,1
116173,芸淼,0,0
116177,云晴,0,0
116242,雪蔺,0,0
116260,雅帆,0,0
116271,宁帆,0,0
116289,安戈,1,1
116300,涵守,1,1
116327,启毫,1,1
116353,瑞泓,1,1
116357,梓灿,1,1
116369,起鑫,1,1
116386,骏年,1,1
116400,九荣,1,1
116422,韵弛,1,1
116423,显赫,1,1
116448,雨浃,0,1
116450,庆,1,1
116480,芷合,1,0
116486,易洁,0,0
116491,牧野,1,1
116494,雨梵,0,1
116501,欣娟,0,0
116503,津口,1,1
116603,泽好,1,1
116605,彩洲,1,1
116622,凇辅,1,1
116744,润轩,1,1
116809,高缘,0,1
116821,钟林,1,1
116865,力才,1,1
116880,增霖,1,1
116883,如誉,0,0
116895,季辛,1,1
116934,马特,1,1
116948,馥嫩,0,0
116955,卓喜,1,1
116961,晔菲,0,0
116980,煜媛,0,0
116982,江洹,1,1
117006,薪鑫,1,1
117049,星谰,1,1
117061,美滢,0,0
117069,赐祥,1,1
117106,昶熙,1,1
117119,林裔,1,1
117200,元忠,1,1
117205,紫桐,0,0
117228,炫斯,1,1
117257,赐嵘,1,1
117302,杞煜,1,0
117320,绎浔,1,1
117325,晓莎,0,0
117356,延香,1,0
117358,遵潇,1,1
117379,麟芸,0,0
117389,薇筱,0,0
117395,席儿,1,0
117426,荟瑄,1,0
117430,馨娅,0,0
117442,璐巍,1,0
117444,泊多,1,1
117455,盈影,0,0
117492,哲及,1,1
117533,楚晶,1,1
117540,少钻,1,1
117560,浚赫,1,1
117569,奕纬,1,1
117571,憬妞,0,0
117584,璟依,0,0
117585,昭葶,0,0
117609,姿煊,0,0
117622,霁轩,0,1
117634,娓苹,0,0
117635,璐扬,1,0
117640,莲茗,0,0
117666,晓熳,0,1
117667,晓伊,0,0
117675,顺美,0,1
117683,立柔,0,0
117686,云玥,0,0
117690,天极,1,1
117740,小龙,0,1
117767,秉润,0,1
117779,美杉,1,0
117850,闻浩,1,1
117876,褚菡,1,0
117880,鸿智,1,1
117922,俊孺,1,1
117939,欣桐,0,0
118056,瑞洋,1,1
118070,远河,1,1
118079,焱钊,0,1
118081,童芸,0,0
118104,帅营,1,1
118120,柳欣,1,0
118127,仕江,1,1
118135,王伊,1,0
118141,润卉,0,0
118149,广强,1,1
118158,荔玫,0,0
118164,苹笫,0,0
118173,卓芃,1,1
118182,沣昕,0,0
118190,失雨,0,0
118229,千凝,1,0
118244,镁涵,1,0
118260,启洲,1,1
118266,爱伶,0,0
118272,家琦,0,1
118279,菡蕾,0,0
118286,博一,0,1
118295,慈平,1,1
118328,药而,1,1
118338,雪时,1,0
118344,德尉,1,1
118378,珑竣,1,1
118393,奔驰,1,1
118397,晰铭,1,1
118402,莜燃,1,0
118441,夏茹,0,0
118450,幛郝,0,0
118490,浩丽,0,1
118512,妍君,0,0
118521,西南,0,1
118549,怿州,1,1
118613,伊芙,0,0
118618,铭贤,1,1
118666,子听,1,1
118698,继学,1,1
118742,若汐,0,0
118745,琳玉,0,0
118770,怔,1,1
118778,湛铄,1,1
118789,运川,1,1
118831,瑞恒,1,1
118873,亢蕖,0,0
118895,铃琪,0,0
118902,煌跃,1,1
118905,翎皓,1,1
118920,红松,1,1
118925,遇心,1,1
118955,纪松,1,1
118960,丽倩,0,0
119001,译声,1,1
119018,锋华,1,1
119027,亚妹,0,0
119037,晶梅,0,0
119096,育莉,0,0
119104,瀵淄,0,0
119135,锦一,0,0
119139,未翔,0,1
119140,育煌,1,1
119153,欢岩,1,1
119158,运盈,0,1
119161,天叙,1,1
119190,汶希,1,0
119211,凯源,1,1
119235,旭葳,1,1
119255,多彩,1,0
119259,有勋,1,1
119271,砚谱,1,1
119273,绣惠,1,0
119277,渐炫,1,1
119302,莘蔓,0,0
119325,小芯,0,0
119331,佳显,1,1
119353,勇岩,1,1
119375,健乐,1,1
119376,宇炎,1,1
119381,宏诚,1,1
119394,涵卉,0,0
119404,绍坤,1,1
119418,曼岑,0,0
119445,琪晞,0,0
119470,心畅,0,0
119477,叶丹,0,0
119481,梓琀,1,0
119492,状明,1,1
119509,岿婷,0,0
119512,泽珣,1,1
119520,粥盛,1,1
119534,书奕,0,0
119542,善珑,1,1
119588,知持,1,1
119665,双江,1,1
119680,卓军,1,1
119691,裕杰,1,1
119693,盘诺,1,1
119696,斯练,1,1
119732,昌益,1,1
119747,寒水,1,1
119762,嘉雅,0,0
119804,柳溪,1,0
119854,其骏,1,1
119863,国镶,1,1
119919,尚荣,1,1
119927,缆雅,0,0
119971,雯格,0,0
119975,姐晴,0,0
